customerID,Contract,tenure,MonthlyCharges,y_true,y_proba,y_pred,error_type
4376-KFVRS,Two year,72,114.05,0,0.11540107531148079,0,TN
2754-SDJRD,Month-to-month,8,100.15,0,0.8520965174299432,1,FP
9917-KWRBE,One year,41,78.35,0,0.14604071935385773,0,TN
0365-GXEZS,Month-to-month,18,78.2,0,0.6611488583987779,1,FP
9385-NXKDA,Two year,72,82.65,0,0.05984694598714222,0,TN
4686-UXDML,Month-to-month,21,99.85,0,0.8054266413666303,1,FP
2227-JRSJX,Month-to-month,21,99.15,0,0.6983582204678415,1,FP
4830-FAXFM,Month-to-month,19,24.1,0,0.2926336355058058,0,TN
1830-IPXVJ,Two year,61,19.75,0,0.009086130922237309,0,TN
4690-LLKUA,Month-to-month,17,45.05,1,0.6520589107907523,1,TP
5804-HYIEZ,Month-to-month,70,106.05,0,0.5187979926367815,1,FP
2388-LAESQ,Two year,72,114.85,0,0.15005406118755574,0,TN
5533-RJFTJ,Month-to-month,49,30.2,0,0.3119239091221646,0,TN
4706-AXVKM,Month-to-month,11,84.8,1,0.8530879257483878,1,TP
0997-YTLNY,Month-to-month,19,48.8,0,0.2988408596030952,0,TN
7971-HLVXI,Two year,72,84.5,0,0.14758335501039432,0,TN
7337-CINUD,Two year,8,19.5,0,0.07801169546424959,0,TN
1379-FRVEB,Month-to-month,15,91.0,0,0.8199689005076619,1,FP
4753-PADAS,One year,67,105.7,0,0.3806190616736318,0,TN
5701-GUXDC,One year,26,35.4,0,0.20808755042476704,0,TN
7235-NXZCP,Month-to-month,2,74.85,1,0.865403914863343,1,TP
0668-OGMHD,Month-to-month,21,28.5,0,0.5115946460909042,1,FP
2812-REYAT,One year,49,20.05,0,0.05021451925806861,0,TN
8779-YIQQA,One year,21,19.8,0,0.09636789172398705,0,TN
9701-CDXHR,Month-to-month,51,69.15,0,0.40036362526295294,0,TN
7130-CTCUS,Month-to-month,16,54.55,0,0.43179168358577846,0,TN
1894-IGFSG,Month-to-month,22,89.25,1,0.7967255623762474,1,TP
0871-URUWO,Month-to-month,13,102.25,1,0.8547162089287605,1,TP
0057-QBUQH,Two year,43,25.1,0,0.04914223734997283,0,TN
9611-CTWIH,Month-to-month,3,89.45,1,0.9030115860093086,1,TP
8058-DMYRU,Month-to-month,54,90.05,0,0.7040765513211268,1,FP
5351-QESIO,Month-to-month,1,24.2,0,0.6664818459999075,1,FP
4302-ZYFEL,One year,69,20.55,0,0.01839630136518145,0,TN
6134-KWTBV,Two year,62,23.4,0,0.014723867424441235,0,TN
2034-GDRCN,Month-to-month,2,90.4,1,0.9038812489357261,1,TP
9544-PYPSJ,Month-to-month,62,96.1,0,0.50110350826527,1,FP
4208-UFFGW,Month-to-month,2,44.95,1,0.622181235193369,1,TP
9537-JALFH,Two year,69,19.9,0,0.006545749532655918,0,TN
4415-IJZTP,Month-to-month,1,74.5,1,0.8871450926668916,1,TP
4701-MLJPN,Month-to-month,31,55.25,1,0.4047439202093725,0,FN
7515-LODFU,Two year,69,20.3,0,0.00928786326931907,0,TN
4927-WWOOZ,Month-to-month,2,91.45,0,0.9012387005417631,1,FP
4067-HLYQI,Month-to-month,33,70.4,0,0.6007799727385754,1,FP
6184-DYUOB,Month-to-month,3,19.6,0,0.45078882967919665,0,TN
9209-NWPGU,One year,44,65.4,0,0.11944203426171647,0,TN
9851-KIELU,Month-to-month,10,110.1,1,0.7495553211367629,1,TP
3199-XGZCY,Month-to-month,8,75.25,0,0.861175833533628,1,FP
4226-KKDON,Month-to-month,8,66.65,0,0.6227537684622534,1,FP
1085-LDWAM,One year,69,20.35,0,0.01804864192859322,0,TN
6825-UYPFK,Month-to-month,23,75.6,1,0.6529316121194897,1,TP
1767-CJKBA,Two year,66,25.1,0,0.013134558530369458,0,TN
7181-BQYBV,Month-to-month,1,102.45,1,0.8686871099849613,1,TP
0178-CIIKR,Month-to-month,3,19.95,0,0.36377014178393374,0,TN
4256-ZWTZI,Month-to-month,5,51.0,0,0.48584561474646887,0,TN
9537-VHDTA,Month-to-month,1,51.2,0,0.4183081856286691,0,TN
2754-XBHTB,Month-to-month,9,77.65,1,0.8096814157424704,1,TP
5975-BAICR,One year,36,63.7,0,0.1606439844166728,0,TN
3301-VKTGC,One year,68,85.5,0,0.14225346400663208,0,TN
2877-VDUER,One year,35,40.9,0,0.17921940355296004,0,TN
7717-BICXI,Two year,60,20.55,0,0.009954059258082243,0,TN
0562-FGDCR,Two year,72,74.55,0,0.018673655354165077,0,TN
3705-PSNGL,One year,45,20.4,1,0.08727528682161274,0,FN
0048-LUMLS,One year,37,91.2,0,0.39980523223274017,0,TN
6497-TILVL,Month-to-month,7,50.7,0,0.3738544767088247,0,TN
2108-YKQTY,Month-to-month,4,50.7,1,0.5001668222834578,1,TP
3658-KIBGF,Month-to-month,1,54.9,1,0.6105483558726055,1,TP
5482-NUPNA,Month-to-month,4,60.4,1,0.4109701017310177,0,FN
7410-KTVFV,Month-to-month,18,49.55,1,0.5212354075990863,1,TP
9033-EOXWV,One year,12,74.05,1,0.4118724733057201,0,FN
8821-XNHVZ,Month-to-month,1,80.05,1,0.8136067027924019,1,TP
8224-KDLKN,Two year,72,25.0,0,0.007771094546937539,0,TN
4825-FUREZ,Two year,42,20.25,0,0.03702789064847366,0,TN
7534-BFESC,Month-to-month,24,76.1,1,0.81534094717448,1,TP
9138-EFSMO,One year,26,78.95,0,0.42230935786559515,0,TN
4227-OJHAL,One year,68,73.0,0,0.07648167685092049,0,TN
7279-NMVJC,One year,17,19.9,0,0.1263391923536443,0,TN
8591-TKMZH,Two year,59,111.1,0,0.14489551262225142,0,TN
9283-LZQOH,Month-to-month,13,74.4,1,0.7498865902344938,1,TP
3594-IVHJZ,Month-to-month,2,20.45,0,0.4522776456763802,0,TN
1945-XISKS,Two year,67,19.65,0,0.009203290365235093,0,TN
4359-INNWN,One year,17,20.05,0,0.12610956363673723,0,TN
7649-SIJJF,Two year,71,80.1,0,0.03489841242979827,0,TN
9254-RBFON,One year,17,98.6,1,0.45586751752511984,0,FN
0970-ETWGE,Month-to-month,1,89.55,1,0.9107097910892531,1,TP
7762-ONLJY,One year,6,19.7,0,0.16428472931361052,0,TN
6710-HSJRD,Month-to-month,61,114.1,0,0.6425274806393465,1,FP
8873-GLDMH,Month-to-month,6,73.85,0,0.8270178362623931,1,FP
9907-SWKKF,Month-to-month,1,25.05,1,0.7356131673999667,1,TP
4658-HCOHW,Month-to-month,21,102.8,1,0.7392318982608892,1,TP
9330-VOFSZ,Two year,60,110.8,0,0.21821301133238338,0,TN
2860-RANUS,Month-to-month,20,85.8,1,0.8160814616235228,1,TP
6234-PFPXL,Month-to-month,22,95.9,0,0.5632413127396383,1,FP
7205-BAIAD,Two year,40,20.6,0,0.03590273900505322,0,TN
3858-VOBET,Month-to-month,23,74.95,1,0.8029058671496374,1,TP
5103-MHMHY,Month-to-month,1,45.95,1,0.5250691418022306,1,TP
6119-SPUDB,Two year,46,38.25,0,0.04485494844682391,0,TN
9389-ACWBI,Month-to-month,5,69.95,0,0.675670781391777,1,FP
3454-JFUBC,Two year,68,20.0,0,0.013752065786049194,0,TN
1768-ZAIFU,Month-to-month,1,25.2,1,0.8460334506254009,1,TP
7017-VFULY,Month-to-month,2,20.1,0,0.36525138453638134,0,TN
9221-OTIVJ,Month-to-month,14,104.85,1,0.8960957825528819,1,TP
2482-CZGBB,Month-to-month,10,70.0,1,0.8276932467314522,1,TP
7018-WBJNK,Month-to-month,13,78.3,0,0.7530582935659055,1,FP
3331-HQDTW,Month-to-month,34,109.8,1,0.674820885299133,1,TP
4695-VADHF,Month-to-month,18,57.45,1,0.5453890350985213,1,TP
4086-WITJG,Two year,71,19.7,0,0.005918328078410624,0,TN
6297-NOOPG,Two year,70,110.5,0,0.24973216971693987,0,TN
8777-PVYGU,One year,52,64.3,0,0.1267791225116196,0,TN
4378-MYPGO,Two year,68,105.25,0,0.11674766287684846,0,TN
9313-CDOGY,Month-to-month,38,19.6,0,0.13402021084092422,0,TN
4121-AGSIN,One year,58,24.5,0,0.03834877702932722,0,TN
0432-CAJZV,Month-to-month,3,90.7,0,0.8250189030040885,1,FP
9097-ZUBYC,Month-to-month,14,48.8,0,0.3886910659852559,0,TN
9638-JIQYA,Month-to-month,2,24.9,0,0.7590301036943031,1,FP
1024-GUALD,Month-to-month,1,24.8,1,0.829069613486094,1,TP
8024-XNAFQ,Two year,72,107.4,0,0.10479073815544547,0,TN
7587-RZNME,Month-to-month,3,43.3,1,0.7367688017923425,1,TP
1346-UFHAX,Month-to-month,13,80.0,0,0.7038334025954656,1,FP
6374-NTQLP,Two year,72,104.1,0,0.10269838608708202,0,TN
6625-FLENO,Two year,58,20.75,0,0.013575540901829608,0,TN
7375-WMVMT,Two year,71,95.5,0,0.11585068526685816,0,TN
6910-HADCM,Month-to-month,1,76.35,1,0.8024527114366369,1,TP
7401-JIXNM,Two year,54,91.3,0,0.04218129258863883,0,TN
7338-ERIVA,One year,39,45.05,0,0.11231680692270454,0,TN
5376-DEQCP,Month-to-month,1,70.6,1,0.858349360572931,1,TP
0909-SELIE,Two year,61,80.8,0,0.044160879582244746,0,TN
5419-KLXBN,Month-to-month,25,89.15,1,0.6386074428737826,1,TP
0365-TRTPY,Month-to-month,37,91.2,0,0.4178730288010136,0,TN
6712-OAWRH,Month-to-month,26,91.25,1,0.8475872148998844,1,TP
2428-ZMCTB,Month-to-month,10,19.75,0,0.29544335101829494,0,TN
1963-VAUKV,Month-to-month,1,20.4,1,0.3812248101822398,0,FN
9381-NDKME,Month-to-month,24,40.65,1,0.6523051555662596,1,TP
3729-OWRVL,Two year,65,110.35,0,0.25626256059947017,0,TN
0895-LMRSF,One year,23,64.9,0,0.42189195302503174,0,TN
2676-SSLTO,Two year,49,66.15,0,0.09291598038005816,0,TN
8495-PRWFH,Month-to-month,42,55.65,0,0.4056038117129694,0,TN
9030-QGZNL,Two year,8,20.85,0,0.09654074289856136,0,TN
9972-NKTFD,Month-to-month,28,54.65,0,0.2389960423727411,0,TN
7998-WNZEM,Two year,71,80.6,0,0.023850493453517304,0,TN
0979-PHULV,Month-to-month,69,99.45,1,0.5457762700349561,1,TP
6445-TNRXS,Two year,68,114.7,0,0.11998583407489341,0,TN
9586-JGQKH,Two year,64,105.4,0,0.20261352328340698,0,TN
3966-HRMZA,Month-to-month,3,75.05,0,0.7628953709362187,1,FP
5498-IBWPI,One year,66,49.4,0,0.047610416317106434,0,TN
6823-SIDFQ,One year,28,18.25,0,0.08853252394375463,0,TN
2323-ARSVR,Two year,67,111.05,0,0.15564166589972958,0,TN
5468-BPMMO,Month-to-month,46,19.6,0,0.12146124283627878,0,TN
0486-HECZI,Month-to-month,55,96.75,1,0.5645985347447247,1,TP
2178-PMGCJ,Month-to-month,22,69.7,0,0.6959271364045752,1,FP
4660-IRIBM,Month-to-month,18,87.9,0,0.6427648840932638,1,FP
9674-EHPPG,Two year,46,40.4,0,0.04213386109800249,0,TN
5606-AMZBO,Month-to-month,10,78.15,0,0.732988609605801,1,FP
0665-XHDJU,Two year,72,99.4,0,0.304161292918303,0,TN
5402-HTOTQ,Month-to-month,16,55.3,0,0.5678189231528852,1,FP
8258-GSTJK,Month-to-month,3,77.0,1,0.8939098297779149,1,TP
3787-TRIAL,Month-to-month,21,26.05,0,0.6316943444738445,1,FP
6175-IRFIT,Month-to-month,5,78.75,0,0.7898454898709237,1,FP
6317-YPKDH,Month-to-month,1,29.95,1,0.6588183398700499,1,TP
5692-FPTAH,Month-to-month,1,45.4,1,0.6633258682609551,1,TP
5373-SFODM,Month-to-month,36,85.25,1,0.7509383435832587,1,TP
0868-VJRDR,Two year,64,104.05,0,0.11827666757722434,0,TN
4079-VTGLK,Two year,30,74.85,0,0.3113718000180053,0,TN
1166-PQLGG,Two year,72,19.55,0,0.005689701455804739,0,TN
5296-BFCYD,Two year,46,20.1,0,0.02505309837075699,0,TN
6568-POCUI,Two year,45,95.2,0,0.25384255142181,0,TN
2839-RFSQE,Month-to-month,2,20.65,1,0.3699402880741711,0,FN
2188-SXWVT,One year,34,55.0,0,0.10760025930280885,0,TN
8849-GYOKR,One year,54,106.55,1,0.3025199104448036,0,FN
3623-FQBOX,Month-to-month,21,19.95,0,0.2788423971674973,0,TN
2649-HWLYB,Two year,65,76.15,0,0.0315244956318799,0,TN
0599-XNYDO,Month-to-month,20,69.8,0,0.7033076558333167,1,FP
2514-GINMM,Month-to-month,1,79.5,1,0.8886890260918073,1,TP
8401-EMUWF,Month-to-month,42,69.4,0,0.28047203771233525,0,TN
5766-ZJYBB,Month-to-month,1,19.4,1,0.3941355140754006,0,FN
2604-IJPDU,Month-to-month,20,96.55,0,0.6386833109580896,1,FP
2501-XWWTZ,Month-to-month,11,70.2,0,0.7662047089715196,1,FP
6370-ZVHDV,Two year,61,25.3,0,0.014957324476286053,0,TN
3027-YNWZU,Two year,64,25.0,0,0.013187625642914067,0,TN
4526-ZJJTM,Month-to-month,25,88.4,0,0.6560051459853916,1,FP
0440-QEXBZ,Month-to-month,44,50.15,0,0.3456568464434444,0,TN
0330-IVZHA,Month-to-month,5,69.95,1,0.7970047438378383,1,TP
9758-MFWGD,One year,48,29.9,0,0.11662469061924005,0,TN
4229-CZMLL,Month-to-month,6,74.9,1,0.8738583813519014,1,TP
0742-MOABM,Month-to-month,4,50.05,1,0.4833759675690501,0,FN
4277-BWBML,Two year,72,19.95,0,0.0056558031248894435,0,TN
5136-GFPMB,Month-to-month,54,89.4,0,0.5235848314466391,1,FP
7520-HQWJU,Month-to-month,66,67.45,0,0.10727691508044016,0,TN
6304-IJFSQ,Month-to-month,3,49.9,1,0.6182560343243378,1,TP
0297-RBCSG,One year,19,65.35,0,0.2818474409982536,0,TN
6013-BHCAW,Two year,61,81.0,0,0.0774010231316627,0,TN
4402-FTBXC,Month-to-month,54,89.8,0,0.35664299422560547,0,TN
1471-GIQKQ,Month-to-month,1,49.95,0,0.6311823688525487,1,FP
4283-FUTGF,Month-to-month,19,79.85,1,0.838370303861941,1,TP
9548-LERKT,Two year,24,19.75,0,0.055463086765501775,0,TN
8059-UDZFY,Month-to-month,33,105.35,0,0.7378147617704812,1,FP
0410-IPFTY,Month-to-month,31,83.85,0,0.6659365838912424,1,FP
2478-EEWWM,Month-to-month,59,44.3,0,0.48649750548428683,0,TN
4619-EVPHY,One year,20,91.0,0,0.686733470609928,1,FP
2277-DJJDL,Month-to-month,60,99.0,0,0.7071037254741235,1,FP
2911-WDXMV,Month-to-month,18,80.55,0,0.7066772932269245,1,FP
3639-XJHKQ,Month-to-month,19,60.6,0,0.39648013082228706,0,TN
8173-RXAYP,Two year,24,19.7,0,0.04301908079977281,0,TN
4537-CIBHB,One year,9,20.25,0,0.14656691506619182,0,TN
5442-BXVND,Month-to-month,33,24.25,0,0.14198248950329523,0,TN
2308-STERM,Month-to-month,2,19.4,0,0.3775994445395068,0,TN
7159-NOKYQ,Two year,67,93.15,0,0.2642800911060299,0,TN
6075-QMNRR,Month-to-month,52,49.75,0,0.16387926213544718,0,TN
3694-GLTJM,Month-to-month,5,19.65,0,0.41196418621057324,0,TN
9629-NHXFW,Month-to-month,1,19.4,0,0.41638155874093247,0,TN
7167-PCEYD,Two year,67,19.8,0,0.012894859984061414,0,TN
2748-MYRVK,One year,63,99.9,1,0.3251031477174331,0,FN
4223-WOZCM,Month-to-month,2,49.95,0,0.611781174078298,1,FP
6946-LMSQS,One year,25,89.05,1,0.6654091291051099,1,TP
5469-NUJUR,Two year,19,19.95,0,0.0900091276591689,0,TN
6388-TABGU,One year,62,56.15,0,0.0337312526415732,0,TN
1261-FWTTE,Month-to-month,23,34.65,0,0.6743020805029634,1,FP
8590-YFFQO,Two year,70,64.95,0,0.012636067618121607,0,TN
0082-OQIQY,Month-to-month,29,94.2,0,0.7684501249448971,1,FP
9465-RWMXL,Month-to-month,32,78.9,1,0.7566400755108663,1,TP
2930-UOTMB,Month-to-month,31,65.25,1,0.21609954798289044,0,FN
9128-CPXKI,Two year,59,95.8,0,0.2496483079367759,0,TN
0484-FFVBJ,One year,32,64.85,0,0.34826850513614366,0,TN
1100-DDVRV,Month-to-month,17,49.8,0,0.7285430983916124,1,FP
9313-QOLTZ,Month-to-month,26,20.9,0,0.1798087937745523,0,TN
3338-CVVEH,Month-to-month,12,94.55,0,0.87400037110259,1,FP
1131-SUEKT,One year,61,98.45,0,0.26152692335161015,0,TN
7602-DBTOU,Two year,71,19.6,0,0.007797263537349817,0,TN
1385-TQOZW,Month-to-month,9,20.45,0,0.36644291789083877,0,TN
6892-XPFPU,Month-to-month,24,104.25,1,0.8746653865049974,1,TP
4115-NZRKS,Month-to-month,7,89.15,0,0.9067119970140627,1,FP
5514-YQENT,Two year,41,111.15,0,0.2106077168195898,0,TN
6319-IEJWJ,Month-to-month,20,90.2,1,0.8272908175129831,1,TP
8849-AYPTR,Month-to-month,33,91.25,0,0.7467533008049552,1,FP
5893-PYOLZ,Two year,56,81.8,0,0.07270898230380052,0,TN
7180-PISOG,Month-to-month,1,74.5,1,0.8679262557462781,1,TP
8443-ZRDBZ,Month-to-month,4,76.05,1,0.8777162889328269,1,TP
9079-YEXQJ,Month-to-month,54,111.1,1,0.5889982054733076,1,TP
3780-YVMFA,Month-to-month,8,68.55,0,0.6780404762268042,1,FP
6968-MHOMU,One year,58,45.0,0,0.24024885927047304,0,TN
0899-LIIBW,Month-to-month,34,100.85,0,0.7936386990255937,1,FP
3677-IYRBF,Month-to-month,2,30.4,1,0.8341807948499477,1,TP
8393-DLHGA,Month-to-month,25,95.9,1,0.7817395864686085,1,TP
7691-XVTZH,Two year,68,89.95,0,0.18436638388637508,0,TN
5360-LJCNJ,Two year,71,105.15,0,0.22739092779534725,0,TN
3891-PUQOD,Month-to-month,1,59.2,1,0.6650692965060111,1,TP
0952-KMEEH,Month-to-month,13,98.15,1,0.7613370945351746,1,TP
4919-IKATY,Month-to-month,5,84.5,1,0.7861830284304747,1,TP
9746-UGFAC,One year,22,20.85,0,0.10338948421236216,0,TN
9108-EQPNQ,Two year,10,26.1,0,0.08694382491894478,0,TN
0531-ZZJWQ,Month-to-month,55,74.0,0,0.6458122565594873,1,FP
8763-KIAFH,One year,27,20.55,0,0.1014758769793849,0,TN
5863-OOKCL,Month-to-month,10,18.85,0,0.3022551157113308,0,TN
2958-NHPPS,Month-to-month,23,20.85,0,0.2614022319486623,0,TN
9530-GRMJG,Two year,70,84.1,0,0.08254048134011173,0,TN
1809-DMJHQ,Month-to-month,5,46.0,1,0.4876244507934589,0,FN
0164-XAIRP,Two year,24,19.55,0,0.06913347352257153,0,TN
2926-JEJJC,One year,8,20.2,0,0.22691001631107183,0,TN
1169-WCVAK,Month-to-month,19,88.8,0,0.5690786441053265,1,FP
1217-VASWC,One year,43,100.55,0,0.5140467416338389,1,FP
2452-KDRRH,Month-to-month,67,101.4,0,0.6367674418875057,1,FP
6402-EJMWF,Month-to-month,4,55.3,0,0.7021634405087837,1,FP
7663-CUXZB,Two year,59,113.75,0,0.17836272500744169,0,TN
4312-KFRXN,Two year,72,25.4,0,0.010125326193107092,0,TN
3011-WQKSZ,Month-to-month,19,20.0,0,0.3211549791180665,0,TN
9747-DDZOS,Month-to-month,1,73.5,1,0.7436493779159907,1,TP
2091-MJTFX,Month-to-month,30,51.2,1,0.41601003849214774,0,FN
0388-EOPEX,Month-to-month,2,74.4,1,0.80052146323958,1,TP
3161-ONRWK,One year,60,65.85,0,0.0386035429226026,0,TN
2587-EKXTS,Month-to-month,44,111.5,0,0.7077467888553229,1,FP
9752-ZNQUT,Month-to-month,1,48.6,0,0.7115817271223045,1,FP
9572-WUKSB,Month-to-month,3,29.9,0,0.7638624185673599,1,FP
3836-FZSDJ,Two year,71,24.85,0,0.012318671786036663,0,TN
8805-JNRAZ,Month-to-month,2,49.2,0,0.5426089264590298,1,FP
3069-SSVSN,One year,1,25.85,0,0.530616358321722,1,FP
8015-IHCGW,Two year,72,115.5,0,0.15336330135812326,0,TN
8132-YPVBX,Month-to-month,6,85.95,0,0.7999256345808207,1,FP
0235-KGSLC,Month-to-month,1,85.55,1,0.8281390988801444,1,TP
1302-UHBDD,Month-to-month,20,89.95,0,0.8282644898875489,1,FP
3722-WPXTK,Month-to-month,1,88.35,1,0.9128586699247739,1,TP
7531-GQHME,Month-to-month,12,20.05,0,0.2775660416014661,0,TN
1335-NTIUC,Month-to-month,9,24.95,0,0.7778541813033051,1,FP
9367-TCUYN,Month-to-month,12,20.1,0,0.2799433967099302,0,TN
1536-HBSWP,Month-to-month,1,49.9,0,0.6642111543114905,1,FP
8573-JGCZW,One year,17,19.65,0,0.1744573506119259,0,TN
2694-CIUMO,Month-to-month,12,79.55,0,0.7264124750047424,1,FP
2027-FECZV,Month-to-month,12,106.7,1,0.8837040572150209,1,TP
9103-TCIHJ,Month-to-month,15,55.7,1,0.5023918884677582,1,TP
1545-JFUML,Two year,71,99.0,0,0.17498644284621478,0,TN
0524-IAVZO,Month-to-month,30,85.0,1,0.8174485877078334,1,TP
5519-TEEUH,One year,33,20.15,0,0.08198853872278374,0,TN
6654-QGBZZ,Month-to-month,1,19.9,0,0.3838542677024754,0,TN
2294-DMMUS,Month-to-month,62,70.45,0,0.30276013958233394,0,TN
0017-IUDMW,Two year,72,116.8,0,0.1059287761972252,0,TN
5018-LXQQG,Month-to-month,30,66.3,0,0.19274795990537383,0,TN
5808-TOTXO,One year,3,20.55,0,0.22250418516662057,0,TN
1174-FGIFN,One year,28,90.45,0,0.559956357775644,1,FP
0730-KOAVE,Month-to-month,30,94.3,0,0.6337185890223056,1,FP
1218-VKFPE,Month-to-month,12,19.0,1,0.24430013965371267,0,FN
5313-FPXWG,One year,51,24.6,0,0.06280159995060874,0,TN
2834-JKOOW,One year,15,45.9,0,0.2005215665787394,0,TN
9430-NKQLY,Two year,72,25.1,0,0.01091037594296159,0,TN
0363-QJVFX,Month-to-month,32,108.15,1,0.622068117330942,1,TP
1658-TJVOA,Month-to-month,6,74.1,0,0.8036669854226276,1,FP
6685-GBWJZ,One year,63,70.8,0,0.04364912468577304,0,TN
6328-ZPBGN,Month-to-month,11,95.15,1,0.8796200823676122,1,TP
4003-FUSHP,Month-to-month,19,61.55,0,0.46886804361088436,0,TN
7690-KPNCU,One year,64,73.05,0,0.09977391213961627,0,TN
2969-WGHQO,One year,7,69.45,0,0.30160322127088063,0,TN
1855-CFULU,Month-to-month,4,20.05,0,0.38973289271356776,0,TN
9788-YTFGE,Month-to-month,7,19.95,0,0.41148933885591626,0,TN
8266-VBFQL,Month-to-month,4,90.4,0,0.8317005412273465,1,FP
2325-NBPZG,Month-to-month,3,74.55,0,0.7926377657946937,1,FP
9906-NHHVC,Two year,65,53.5,0,0.10950170432920148,0,TN
2541-YGPKE,One year,42,63.7,0,0.07903285066362079,0,TN
5049-MUBWG,One year,26,75.0,0,0.18374902164549922,0,TN
2332-TODQS,One year,48,25.05,0,0.04910526376804818,0,TN
4419-UJMUS,Two year,69,99.35,0,0.23176551977900137,0,TN
2233-TXSIU,One year,17,44.45,0,0.2854186192113613,0,TN
6770-XUAGN,Month-to-month,1,21.0,1,0.4937189948295495,0,FN
2919-HBCJO,Month-to-month,4,76.65,1,0.755697394020167,1,TP
9508-ILZDG,Month-to-month,34,96.35,0,0.7285165535360512,1,FP
5442-BHQNG,Month-to-month,2,70.35,0,0.8083729089046203,1,FP
7250-EQKIY,Month-to-month,1,50.45,1,0.5206126759098556,1,TP
6838-HVLXG,Month-to-month,12,20.3,0,0.28000276732556256,0,TN
9767-FFLEM,Month-to-month,38,69.5,0,0.5678906267587287,1,FP
2245-ADZFJ,Two year,31,80.55,0,0.11085456953758914,0,TN
1150-WFARN,Two year,67,108.75,1,0.12583599082939317,0,FN
9054-FOWNV,Month-to-month,22,88.75,0,0.8132501625696272,1,FP
7997-EASSD,One year,63,81.2,0,0.21363713783941912,0,TN
7560-QJAVJ,Two year,70,79.6,0,0.02783830515651523,0,TN
2668-TZSPS,Month-to-month,1,20.45,0,0.38856713079269106,0,TN
9139-WQQDY,One year,49,100.45,1,0.3771381120983443,0,FN
6726-NNFWD,Two year,71,89.45,0,0.11139141325453075,0,TN
9330-DHBFL,One year,23,66.25,0,0.12050817097096743,0,TN
5727-MYATE,Two year,72,90.8,0,0.03626628850663667,0,TN
2824-DXNKN,Two year,72,71.45,0,0.03447131392115842,0,TN
6166-ILMNY,Month-to-month,2,69.75,1,0.7415286490686189,1,TP
5236-XMZJY,Month-to-month,42,59.65,0,0.15279482991293133,0,TN
1709-EJDOX,Two year,47,19.75,0,0.01687050372039462,0,TN
4962-CHQPW,One year,29,19.85,0,0.06978939404000585,0,TN
0301-FIDRB,Two year,72,63.8,0,0.034548079291148386,0,TN
1820-TQVEV,Month-to-month,1,69.55,1,0.8649646336105358,1,TP
9115-YQHGA,Month-to-month,40,51.1,0,0.3329810097278771,0,TN
1541-ETJZO,Month-to-month,1,62.05,1,0.5425830091145164,1,TP
6230-BSUXY,Month-to-month,1,85.0,1,0.8971284891621119,1,TP
6797-LNAQX,Two year,70,98.3,1,0.14625584184286883,0,FN
9588-YRFHY,Two year,49,19.9,0,0.026072202569799308,0,TN
1092-GANHU,Month-to-month,17,76.65,1,0.7822039622078995,1,TP
5951-AOFIH,Month-to-month,33,66.4,0,0.40440480258604106,0,TN
7029-RPUAV,Month-to-month,17,100.45,1,0.862258054134473,1,TP
4700-UBQMV,One year,21,75.9,0,0.3455363954198081,0,TN
3594-UVONA,One year,35,85.95,1,0.23289666918157,0,FN
7750-EYXWZ,One year,12,60.65,0,0.5016334295715787,1,FP
7054-ENNGU,Month-to-month,9,50.85,0,0.47588420580785556,0,TN
0402-OAMEN,Two year,72,24.45,0,0.007573572777955656,0,TN
2195-VVRJF,Month-to-month,18,59.1,0,0.5219949760715522,1,FP
8819-ZBYNA,Two year,58,109.1,0,0.1717145657447892,0,TN
7748-UMTRK,Month-to-month,30,101.3,0,0.7870367244190623,1,FP
1741-WTPON,Two year,56,115.85,0,0.1179110285575717,0,TN
7209-JCUDS,Month-to-month,10,94.9,1,0.8857568887077786,1,TP
2485-ITVKB,Month-to-month,2,35.1,1,0.8555825471823286,1,TP
9648-BCHKM,Two year,18,24.65,0,0.09090507027345748,0,TN
0743-HRVFF,One year,51,56.15,0,0.2545313810263478,0,TN
2522-AHJXR,Month-to-month,60,109.45,0,0.4899617783404357,0,TN
9143-CANJF,Month-to-month,24,55.15,0,0.2501890184865615,0,TN
1444-VVSGW,One year,70,115.65,1,0.18646348991342265,0,FN
6898-MDLZW,Month-to-month,12,53.75,0,0.4607027318763552,0,TN
0074-HDKDG,One year,25,61.6,0,0.1498740132067631,0,TN
3982-JGSFD,One year,36,20.35,0,0.08470218899328316,0,TN
7928-VJYAB,Month-to-month,11,90.6,0,0.8148284412223393,1,FP
1522-VVDMG,Month-to-month,7,89.75,1,0.7634693625084406,1,TP
2665-NPTGL,Month-to-month,26,98.1,0,0.8353601221780941,1,FP
8728-SKJLR,Month-to-month,41,74.25,0,0.5699604207528105,1,FP
7733-UDMTP,Month-to-month,57,55.0,0,0.5000218444418236,1,FP
0431-APWVY,One year,28,90.1,1,0.5513227455694102,1,TP
5081-NWSUP,One year,10,64.9,0,0.28137190068437434,0,TN
2746-DIJLO,One year,41,56.3,0,0.19352843681798657,0,TN
7277-OZCGZ,Month-to-month,22,89.05,0,0.6687902696772415,1,FP
5236-PERKL,Two year,57,112.95,1,0.21283342573788647,0,FN
2788-CJQAQ,One year,13,19.45,0,0.15905265068596927,0,TN
3096-WPXBT,One year,61,100.7,0,0.22289745423883897,0,TN
9962-BFPDU,Month-to-month,1,20.05,0,0.33451236201398665,0,TN
2892-GESUL,Two year,18,19.35,0,0.0548777752898677,0,TN
9741-YLNTD,Month-to-month,6,87.95,0,0.8142264273131012,1,FP
1205-WNWPJ,Month-to-month,7,59.5,1,0.5885935002079095,1,TP
3173-NVMPX,Month-to-month,9,55.3,0,0.5655304301215718,1,FP
9661-MHUMO,Month-to-month,1,49.25,1,0.5665398024566909,1,TP
6000-APYLU,Month-to-month,9,80.8,1,0.8624822202615403,1,TP
0048-PIHNL,One year,49,20.45,0,0.035941758695912096,0,TN
9420-LOJKX,Month-to-month,15,99.1,1,0.7186025167644707,1,TP
7061-OVMIM,One year,30,19.55,0,0.06417375237649484,0,TN
5671-RQRLP,Two year,70,75.65,0,0.15057033322924823,0,TN
5129-JLPIS,Month-to-month,25,105.5,0,0.7104765250780035,1,FP
5170-PTRKA,One year,49,35.8,0,0.07976038928494898,0,TN
4819-HJPIW,Month-to-month,18,25.15,0,0.5517091758968701,1,FP
8780-RSYYU,Month-to-month,25,19.2,0,0.23497428687385327,0,TN
2335-GSODA,Two year,23,40.1,0,0.07935885947961743,0,TN
5696-CEIQJ,Two year,67,103.15,0,0.09498868277216406,0,TN
6169-PPETC,Two year,35,20.5,0,0.026971671455143783,0,TN
4237-RLAQD,Month-to-month,1,45.85,1,0.6682451160357782,1,TP
7359-WWYJV,Two year,72,114.45,0,0.10239120136265373,0,TN
8620-RJPZN,Month-to-month,1,20.7,0,0.4643384153949169,0,TN
7426-WEIJX,Month-to-month,60,80.95,0,0.4594019344199709,0,TN
7629-WIXZF,One year,7,59.1,0,0.4831610133741239,0,TN
2616-FLVQC,Two year,64,19.55,0,0.01051979785215954,0,TN
9163-GHAYE,Month-to-month,15,48.85,0,0.5140607306872086,1,FP
4464-JCOLN,One year,2,19.85,1,0.1938969615639795,0,FN
2971-SGAFL,Month-to-month,13,78.75,0,0.7163451411618555,1,FP
4735-ASGMA,Month-to-month,26,98.35,1,0.867720081785452,1,TP
5245-VDBUR,One year,52,35.45,0,0.09242947767958665,0,TN
1493-AMTIE,Month-to-month,1,20.2,1,0.4590851717109754,0,FN
1112-CUNAO,Month-to-month,15,89.85,1,0.829482643550444,1,TP
7571-YXDAD,Month-to-month,2,74.9,1,0.7831398754066515,1,TP
8714-EUHJO,Month-to-month,31,91.15,1,0.7520969189422603,1,TP
9040-KZVWO,One year,26,75.5,0,0.36621834471631715,0,TN
6713-OKOMC,Month-to-month,10,29.75,0,0.5232325538594226,1,FP
8749-CLJXC,Month-to-month,1,20.05,0,0.3906850780717589,0,TN
4713-LZDRV,Month-to-month,2,79.6,1,0.9002304053713899,1,TP
6598-RFFVI,One year,2,19.3,1,0.22156564202339152,0,FN
7470-MCQTK,Month-to-month,13,48.75,1,0.7659544489867883,1,TP
5524-KHNJP,One year,33,74.75,0,0.16771575403458053,0,TN
1707-HABPF,One year,46,91.3,0,0.39389271308954726,0,TN
4581-LNWUM,Month-to-month,13,49.15,0,0.7730829098822303,1,FP
9710-ZUSHQ,Month-to-month,37,106.75,1,0.6885794229144787,1,TP
1697-LYYYX,One year,61,19.1,0,0.018062373464780394,0,TN
4013-GUXND,Month-to-month,1,20.8,0,0.38671736938348833,0,TN
5022-JNQEQ,Month-to-month,9,75.85,0,0.7266371312398848,1,FP
4983-CCWMC,Month-to-month,3,69.6,0,0.809053347980107,1,FP
6345-FZOQH,Two year,69,19.9,0,0.008670031080444457,0,TN
0962-CQPWQ,Two year,62,20.3,0,0.0085607673062289,0,TN
5495-GPSRW,Two year,20,19.7,0,0.08748908059835662,0,TN
2252-JHJGE,One year,61,104.0,0,0.3897910562042715,0,TN
7356-AYNJP,One year,4,23.9,0,0.3271012172427019,0,TN
2019-HDCZY,Two year,63,102.6,0,0.2874528927226581,0,TN
8582-KRHPJ,Month-to-month,50,35.0,0,0.22200633767646002,0,TN
2867-UIMSS,Month-to-month,1,80.5,1,0.8514852446683334,1,TP
3487-EARAT,One year,70,74.1,0,0.029423684437299643,0,TN
9926-PJHDQ,Two year,72,76.8,0,0.07049231470641056,0,TN
0289-IVARM,Month-to-month,35,60.55,0,0.24532312048526836,0,TN
4672-FOTSD,Month-to-month,12,67.25,0,0.48980834612492524,0,TN
6198-PNNSZ,One year,56,109.8,0,0.29622210966446466,0,TN
7603-USHJS,Month-to-month,12,73.75,1,0.7567834924825296,1,TP
6784-XYJAE,One year,36,55.8,0,0.251583424164663,0,TN
3858-XHYJO,One year,40,105.75,0,0.40815257996912274,0,TN
1087-UDSIH,Month-to-month,3,19.6,1,0.44643611752967555,0,FN
7251-LJBQN,One year,40,103.75,0,0.5502948172382575,1,FP
3200-MNQTF,Two year,67,70.9,0,0.018445481228163023,0,TN
9359-UGBTK,One year,67,72.35,0,0.05924673506291258,0,TN
8160-HOWOX,Month-to-month,7,66.85,0,0.779460452958273,1,FP
0258-NOKBL,Month-to-month,3,90.4,0,0.8148785581281267,1,FP
2800-QQUSO,Month-to-month,42,100.3,0,0.7581607120309184,1,FP
2129-ALKBS,Month-to-month,40,26.2,0,0.20078234088485494,0,TN
9972-VAFJJ,One year,53,94.0,0,0.38069736497270185,0,TN
4693-VWVBO,Month-to-month,3,19.55,0,0.44985079177663884,0,TN
6969-MVBAI,Month-to-month,9,90.1,0,0.895918134265039,1,FP
4821-WQOYN,Two year,72,20.1,0,0.007613164316982228,0,TN
6769-DYBQN,Month-to-month,46,85.0,1,0.5515852682651047,1,TP
4018-PPNDW,Two year,61,24.1,0,0.017927897642873062,0,TN
6288-CHQJB,Two year,54,69.95,0,0.026476077388404372,0,TN
4905-JEFDW,One year,11,41.6,1,0.6501103085687814,1,TP
0559-CKHUS,Two year,29,19.55,0,0.06006698495756707,0,TN
2659-VXMWZ,One year,67,111.3,1,0.3576382809124736,0,FN
6559-RAKOZ,One year,49,97.95,0,0.5183650044247067,1,FP
8809-XKHMD,Two year,72,100.55,0,0.09583885970139763,0,TN
6365-HITVU,Two year,71,87.25,0,0.02017194203167858,0,TN
0134-XWXCE,One year,44,74.85,0,0.17622246664683422,0,TN
9720-JJJOR,One year,41,60.3,0,0.09445001728048585,0,TN
2782-LFZVW,Month-to-month,11,58.95,0,0.6988366146881161,1,FP
6112-KTHFQ,Month-to-month,13,19.3,0,0.3484669134009027,0,TN
9220-ZNKJI,Two year,55,88.8,0,0.13261217225026764,0,TN
9820-RMCQV,Month-to-month,11,48.55,1,0.38608004581870264,0,FN
9013-AQORL,Month-to-month,48,45.55,0,0.24292956155785228,0,TN
2040-OBMLJ,One year,31,81.7,0,0.34164136271400736,0,TN
5574-NXZIU,Two year,63,109.2,0,0.09307452439068424,0,TN
5446-DKWYW,One year,61,65.2,0,0.21067437908951778,0,TN
0480-KYJVA,Two year,72,24.25,0,0.007712798516953821,0,TN
1074-AMIOH,Month-to-month,53,108.25,0,0.4578159044750458,0,TN
0015-UOCOJ,Month-to-month,7,48.2,0,0.6423915953873123,1,FP
0256-LTHVJ,Month-to-month,28,81.05,1,0.7352205417183846,1,TP
4547-LYTDD,Month-to-month,16,72.65,1,0.786751542291828,1,TP
1077-HUUJM,Month-to-month,7,71.05,0,0.7969423115197943,1,FP
2041-JIJCI,Month-to-month,5,64.0,0,0.7780382524398973,1,FP
1555-HAPSU,Two year,71,23.9,0,0.00793854649115865,0,TN
4323-SADQS,Month-to-month,7,34.5,1,0.5941565520274864,1,TP
3292-PBZEJ,Month-to-month,11,111.4,0,0.86555314398282,1,FP
6203-HBZPA,Two year,52,63.9,0,0.05839312130529996,0,TN
9755-JHNMN,Two year,49,67.4,0,0.02314901818022486,0,TN
7369-TRPFD,One year,19,18.8,0,0.12712764642818916,0,TN
9878-TNQGW,Month-to-month,2,80.95,1,0.8853816771809997,1,TP
2279-AXJJK,Month-to-month,52,95.65,0,0.5215963475027492,1,FP
5016-IBERQ,Month-to-month,23,84.25,0,0.719828419116275,1,FP
1016-DJTSV,Month-to-month,8,69.7,0,0.8564680429804831,1,FP
8433-WPJTV,One year,65,103.9,0,0.34664120143943206,0,TN
8903-XEBGX,Month-to-month,2,55.3,0,0.7391627724913205,1,FP
2632-TACXW,Two year,62,23.65,0,0.014409668004922814,0,TN
7952-OBOYL,Month-to-month,3,89.85,0,0.7787002353716579,1,FP
1470-PSXNM,One year,49,93.65,0,0.46874269922429235,0,TN
6227-HWPWX,Month-to-month,15,69.0,1,0.6023781174262646,1,TP
5924-SNGKP,One year,41,20.25,0,0.0553981597600993,0,TN
8818-DOPVL,Month-to-month,46,104.45,0,0.7978553520504141,1,FP
4521-WFJAI,Two year,56,25.95,0,0.02547470296335037,0,TN
4724-WXVWF,Month-to-month,48,95.4,0,0.5661251709879649,1,FP
3717-OEAUQ,Month-to-month,2,70.7,0,0.75278239617249,1,FP
8165-ZJRNM,Two year,72,23.75,0,0.007645630688460717,0,TN
7838-LAZFO,One year,45,78.8,0,0.13804221235348757,0,TN
0513-RBGPE,Two year,37,62.8,0,0.06049824826279911,0,TN
7251-XFOIL,Month-to-month,61,89.2,0,0.4818302777306556,0,TN
2525-GVKQU,Two year,60,20.6,0,0.011601353038608965,0,TN
7579-OOPEC,Month-to-month,2,50.15,1,0.5668118517288822,1,TP
3795-GWTRD,Two year,63,75.55,0,0.01704869542456495,0,TN
4750-ZRXIU,Month-to-month,4,84.6,1,0.914989854141571,1,TP
5445-PZWGX,One year,62,102.0,1,0.22851370654500797,0,FN
0516-UXRMT,One year,62,92.05,0,0.2668315747917148,0,TN
0727-BNRLG,Two year,69,97.65,0,0.1381164267371461,0,TN
3932-CMDTD,One year,4,105.65,1,0.7109853601567043,1,TP
1264-FUHCX,One year,49,56.3,0,0.21454436156706644,0,TN
6194-HBGQN,One year,51,81.15,0,0.10882843922321309,0,TN
4524-QCSSM,Month-to-month,26,44.65,0,0.48180402859067095,0,TN
4570-QHXHL,Month-to-month,9,43.75,0,0.6830226880392315,1,FP
2972-YDYUW,One year,57,94.7,0,0.3186589193489612,0,TN
2061-VVFST,Month-to-month,37,19.5,0,0.11904119365677035,0,TN
6874-SGLHU,One year,30,97.0,0,0.5590655005034461,1,FP
9844-FELAJ,One year,70,107.9,0,0.3869581724347647,0,TN
1902-XBTFB,Month-to-month,22,89.4,1,0.7433004980471645,1,TP
9039-RBEEE,Month-to-month,39,48.95,1,0.29033331873830165,0,FN
9369-XFEHK,Month-to-month,33,80.6,1,0.6675835039623265,1,TP
3680-CTHUH,One year,60,116.6,0,0.2880375301961395,0,TN
3679-XASPY,Month-to-month,1,19.45,0,0.41913034915780445,0,TN
9089-UOWJG,Month-to-month,12,58.35,0,0.5652644119010007,1,FP
1574-DYCWE,Two year,51,19.95,0,0.014226798033830375,0,TN
9779-DPNEJ,Month-to-month,22,80.15,0,0.7736073597711816,1,FP
2967-MXRAV,One year,1,18.8,0,0.20447797215810204,0,TN
0327-WFZSY,One year,39,100.0,0,0.5592352073692304,1,FP
1731-TVIUK,Month-to-month,4,93.5,1,0.8492091921876901,1,TP
7666-WKRON,Two year,39,80.45,1,0.23919975116577097,0,FN
3865-ZYKAD,Month-to-month,69,84.9,0,0.33178055045245214,0,TN
1465-LNTLJ,Month-to-month,8,64.4,0,0.6167777356498654,1,FP
2696-RZVZW,Two year,68,25.05,0,0.011428198280887713,0,TN
0685-MLYYM,Month-to-month,2,70.75,1,0.8300425501851274,1,TP
2778-OCLGR,Month-to-month,24,39.1,1,0.49826786832565306,0,FN
3982-XWFZQ,Month-to-month,42,50.25,1,0.45815170032170116,0,FN
4759-PXTAN,One year,59,80.1,0,0.22694771500483954,0,TN
1448-PWKYE,Month-to-month,1,80.0,1,0.8243561173032182,1,TP
8741-LQOBK,Month-to-month,46,35.05,0,0.149988548849984,0,TN
8650-RHRKE,Month-to-month,4,29.65,1,0.8065880338456659,1,TP
7266-GSSJX,Month-to-month,11,20.45,0,0.4022834394967707,0,TN
1265-HVPZB,One year,59,66.4,0,0.06934435278165799,0,TN
9640-ZSLDC,One year,53,60.6,0,0.10013978052646104,0,TN
0988-JRWWP,Month-to-month,3,54.2,0,0.7680697370717258,1,FP
1926-QUZNN,Two year,72,25.25,0,0.01337985389554612,0,TN
9025-ZRPVR,Month-to-month,9,18.95,1,0.3965086721495723,0,FN
6527-PZFPV,One year,24,20.8,0,0.10979397431802307,0,TN
7460-ITWWP,Month-to-month,45,86.1,0,0.7120578402670061,1,FP
1530-ZTDOZ,Month-to-month,49,40.65,0,0.234613094417455,0,TN
4785-FCIFB,Two year,61,24.4,0,0.0156166334030743,0,TN
9717-QEBGU,Month-to-month,2,70.3,0,0.8592937292506799,1,FP
0876-WDUUZ,Month-to-month,5,85.4,1,0.7650068779261384,1,TP
7881-EVUAD,Month-to-month,2,42.6,1,0.7733981164834812,1,TP
4002-BQWPQ,Month-to-month,25,81.75,0,0.2841840151628232,0,TN
6377-WHAOX,Month-to-month,60,106.15,0,0.7055165337468291,1,FP
5027-YOCXN,One year,51,110.05,0,0.22539889418957648,0,TN
8450-JOVAH,Month-to-month,2,56.7,1,0.4777793178439229,0,FN
6646-QVXLR,One year,62,103.75,1,0.5702698419226009,1,TP
0254-KCJGT,One year,52,81.4,0,0.11284963526752138,0,TN
3442-ZHHCC,One year,68,76.9,0,0.08806301879508452,0,TN
9167-APMXZ,Month-to-month,22,84.15,0,0.7819001433766289,1,FP
0616-ATFGB,Month-to-month,1,25.05,1,0.8056659687146168,1,TP
7273-TEFQD,Month-to-month,3,41.15,1,0.8628994409466734,1,TP
8245-UMPYT,Month-to-month,16,96.4,1,0.9046823054431516,1,TP
6022-UGGSO,Month-to-month,32,74.4,1,0.6981951557635399,1,TP
6292-TOSSS,Two year,50,24.9,0,0.02342607714597202,0,TN
5207-PLSTK,Month-to-month,1,48.75,0,0.5277741409521398,1,FP
3908-BLSYF,Month-to-month,6,83.9,1,0.8258566781116541,1,TP
4317-VTEOA,Month-to-month,1,50.75,1,0.708340259272954,1,TP
0625-AFOHS,Two year,29,20.2,0,0.03479626552370402,0,TN
4667-OHGKG,Month-to-month,1,19.3,1,0.47701467868553776,0,FN
2386-OWURY,Month-to-month,58,95.3,0,0.6143502633936465,1,FP
3780-DDGSE,Month-to-month,35,76.05,0,0.47780096303033653,0,TN
1047-RNXZV,Two year,43,19.55,0,0.025402807369557603,0,TN
3926-YZVVX,One year,41,50.05,0,0.0971499570233476,0,TN
4742-TXUEX,Two year,47,19.3,0,0.015998213402667938,0,TN
8709-KRDVL,Month-to-month,33,100.0,0,0.8232977747151995,1,FP
0397-ZXWQF,Two year,67,20.5,0,0.00886636695162431,0,TN
3910-MRQOY,Two year,72,19.4,0,0.007222081360250941,0,TN
2511-MORQY,One year,50,54.9,0,0.10359040508762254,0,TN
4039-PIMHX,Two year,49,49.8,0,0.05803204332478904,0,TN
8083-YTZES,Month-to-month,4,74.35,1,0.8805953525689661,1,TP
1346-PJWTK,Month-to-month,61,94.15,0,0.31385771087376796,0,TN
3750-YHRYO,One year,7,20.65,0,0.16101595063583918,0,TN
1236-WFCDV,Month-to-month,14,90.45,1,0.7955577967518925,1,TP
5949-HGVJL,Month-to-month,26,73.05,0,0.5689098145818928,1,FP
9112-WSNPU,Month-to-month,35,70.55,0,0.6299575945124432,1,FP
1360-JYXKQ,One year,54,99.1,0,0.49760341952393944,0,TN
3585-ISXZP,Month-to-month,8,95.65,1,0.8296338372949735,1,TP
8380-PEFPE,Month-to-month,1,71.65,1,0.8292867593457167,1,TP
9402-ROUMJ,One year,67,100.25,0,0.17252993238284817,0,TN
4335-UPJSI,Two year,24,19.75,0,0.042600692942587594,0,TN
6096-EGVTU,One year,64,24.9,0,0.02252297925271817,0,TN
8988-ECPJR,Month-to-month,34,79.6,1,0.6244382330844332,1,TP
7677-SJJJK,One year,8,19.9,0,0.15019625419225313,0,TN
5850-BDWCY,Month-to-month,6,20.2,0,0.3340477763188449,0,TN
2025-JKFWI,Month-to-month,13,99.0,1,0.8264498533956692,1,TP
8028-PNXHQ,Two year,62,24.25,0,0.01631602242136375,0,TN
8397-MVTAZ,Month-to-month,34,100.05,1,0.844342534408088,1,TP
4445-ZJNMU,Month-to-month,9,99.3,0,0.8579043298648421,1,FP
3125-RAHBV,One year,22,20.3,0,0.10774539664311719,0,TN
6682-QJDGB,Month-to-month,40,55.25,1,0.18580096598904314,0,FN
8840-DQLGN,Month-to-month,35,100.5,1,0.5618738925700711,1,TP
6258-NGCNG,Month-to-month,7,23.5,0,0.3962918912957528,0,TN
5917-RYRMG,One year,32,19.8,0,0.08405364038887585,0,TN
7157-SMCFK,Two year,61,19.75,0,0.0093463385416538,0,TN
0816-TSPHQ,Month-to-month,2,20.75,0,0.3771992262207957,0,TN
6766-HFKLA,Two year,56,103.2,0,0.19973456328159075,0,TN
7067-KSAZT,One year,65,106.25,1,0.5447320903108214,1,TP
5155-AZQPB,Month-to-month,28,49.9,0,0.3566477844585294,0,TN
6890-PFRQX,Month-to-month,18,69.5,0,0.45628020093628574,0,TN
3508-VLHCZ,Two year,71,90.55,0,0.03581182876504121,0,TN
3649-JPUGY,Two year,72,88.6,0,0.06038105583373336,0,TN
9248-OJYKK,Month-to-month,1,76.45,1,0.9005031743053681,1,TP
7239-HZZCX,Month-to-month,1,19.75,1,0.3922762513322419,0,FN
9860-LISIZ,Month-to-month,34,20.35,0,0.13288738206303,0,TN
6979-ZNSFF,Month-to-month,8,87.05,1,0.8849493559372998,1,TP
8938-UMKPI,Month-to-month,47,106.4,1,0.7659114588558,1,TP
1820-DJFPH,Two year,72,24.05,0,0.010657677018137704,0,TN
0732-OCQOC,Two year,52,25.05,0,0.023699902894700798,0,TN
6776-TLWOI,Month-to-month,3,19.85,1,0.3720795317216215,0,FN
4940-KHCWD,Two year,60,37.7,0,0.022643227350393712,0,TN
9057-SIHCH,Month-to-month,3,96.6,1,0.9189545336646888,1,TP
9866-QEVEE,Month-to-month,19,86.0,1,0.7978759696844834,1,TP
5542-TBBWB,Month-to-month,1,69.9,0,0.8640518652169141,1,FP
4587-VVTOX,Month-to-month,6,105.3,1,0.898137840969593,1,TP
6322-HRPFA,Month-to-month,49,59.6,0,0.08057303256133021,0,TN
6284-AHOOQ,Month-to-month,22,90.5,1,0.7489101250652119,1,TP
4530-NDRKU,One year,42,19.05,0,0.07896398831390512,0,TN
1751-NCDLI,Month-to-month,46,98.85,0,0.8233827265193936,1,FP
3893-JRNFS,Month-to-month,68,39.9,0,0.24202651323350038,0,TN
5857-XRECV,One year,2,20.5,0,0.1762966170509932,0,TN
3115-CZMZD,Two year,0,20.25,0,0.14261120023677604,0,TN
4489-SNOJF,Month-to-month,35,72.25,1,0.29326596972252866,0,FN
1051-GEJLJ,Month-to-month,2,19.5,0,0.3754415849245917,0,TN
3563-SVYLG,Two year,68,62.65,0,0.011266512976710438,0,TN
4301-VVZKA,Month-to-month,16,75.4,0,0.8360362835821982,1,FP
9351-HXDMR,Two year,72,110.9,0,0.15042372261441586,0,TN
5161-XEUVX,Two year,37,94.3,0,0.23753083777770034,0,TN
3088-FVYWK,Two year,53,25.55,0,0.016831127697722728,0,TN
9812-GHVRI,Month-to-month,40,83.85,0,0.6214934662986151,1,FP
1370-GGAWX,One year,46,94.15,0,0.5462013938486103,1,FP
6023-YEBUP,Month-to-month,3,100.95,1,0.9194047060814939,1,TP
9940-RHLFB,Month-to-month,1,75.3,1,0.806132409846321,1,TP
4541-RMRLG,Month-to-month,7,19.25,1,0.4165469415194227,0,FN
2606-RMDHZ,Month-to-month,6,30.5,1,0.693670640739296,1,TP
5575-TPIZQ,Month-to-month,46,89.15,0,0.5678071726822287,1,FP
9378-FXTIZ,One year,54,70.15,1,0.253667411233806,0,FN
4631-OACRM,Month-to-month,15,79.4,1,0.8622132215185325,1,TP
8593-WHYHV,Month-to-month,3,85.3,1,0.9060955508758591,1,TP
1403-GYAFU,Two year,70,20.05,0,0.0062241670196456315,0,TN
7641-TQFHN,Two year,39,100.55,0,0.23999233914074447,0,TN
4237-CLSMM,Month-to-month,2,20.0,0,0.38524248100467046,0,TN
4360-PNRQB,Month-to-month,18,75.6,0,0.7605903715135861,1,FP
5334-AFQJB,Two year,72,25.1,0,0.01561538628089517,0,TN
9308-ANMVE,Month-to-month,47,55.3,0,0.20622242518866854,0,TN
3530-VWVGU,Month-to-month,22,19.9,0,0.17109836318693544,0,TN
4674-HGNUA,Two year,71,89.9,0,0.02828339256639839,0,TN
3030-YDNRM,Month-to-month,8,74.85,0,0.8659164102043567,1,FP
3642-BYHDO,Two year,71,19.9,0,0.005821711284625123,0,TN
0440-UEDAI,One year,53,94.45,0,0.2675766152363815,0,TN
9819-FBNSV,Month-to-month,37,72.25,0,0.603467664454472,1,FP
9289-LBQVU,One year,64,70.15,0,0.11553780538142183,0,TN
4468-YDOVK,Month-to-month,5,48.65,0,0.49140674347093904,0,TN
2001-EWBQU,Two year,60,104.7,0,0.28678819413135215,0,TN
9992-UJOEL,Month-to-month,2,50.3,0,0.6252088560313678,1,FP
8409-WQJUX,One year,25,54.2,0,0.43598746847203784,0,TN
3077-RSNTJ,Month-to-month,6,19.7,0,0.2906790762332201,0,TN
6993-YCOBK,Two year,60,110.6,0,0.20754292699973761,0,TN
4817-VYYWS,Month-to-month,30,100.2,1,0.8324963506790972,1,TP
4702-HDRKD,One year,67,49.35,0,0.07491526989630708,0,TN
3251-YMVWZ,One year,53,24.05,0,0.04263470056575226,0,TN
4190-MFLUW,Month-to-month,10,55.2,1,0.3453433489930661,0,FN
4678-DVQEO,Month-to-month,1,52.2,1,0.6526956235767515,1,TP
4701-AHWMW,Month-to-month,55,54.55,1,0.3509419319061041,0,FN
2987-BJXIK,Two year,70,84.7,0,0.04772625738695195,0,TN
1730-VFMWO,Month-to-month,34,50.2,0,0.23081187955814933,0,TN
1936-UAFEH,Two year,68,110.25,0,0.0968284803318033,0,TN
5140-FOMCQ,One year,59,109.15,0,0.3629046569812664,0,TN
8778-LMWTJ,Month-to-month,9,74.85,0,0.7603793418767865,1,FP
9840-DVNDC,Month-to-month,6,80.5,1,0.8177365681564092,1,TP
8033-VCZGH,One year,50,103.95,0,0.5453108515626429,1,FP
8580-QVLOC,Two year,72,92.45,1,0.028642374119051624,0,FN
6128-AQBMT,Month-to-month,41,53.95,0,0.6531519376313812,1,FP
6257-RJOHI,Month-to-month,4,50.8,0,0.559364308345604,1,FP
1929-ZCBHE,One year,47,40.3,0,0.09200505269108497,0,TN
6242-SGYTS,One year,62,94.95,0,0.21899991700683258,0,TN
7010-ZMVBF,Month-to-month,18,20.45,0,0.19560161027754208,0,TN
3519-ZKXGG,Month-to-month,3,75.85,1,0.8802982458027873,1,TP
5666-MBJPT,Two year,65,25.1,0,0.018278462676212543,0,TN
3313-QKNKB,One year,59,85.55,1,0.40613308452155505,0,FN
7581-EBBOU,One year,60,70.15,0,0.08965612673310838,0,TN
1784-BXEFA,Month-to-month,10,20.55,0,0.36957311012924726,0,TN
7492-TAFJD,Two year,7,38.55,0,0.1701239957038174,0,TN
5213-TWWJU,Month-to-month,28,91.0,0,0.6474618044412844,1,FP
3312-ZWLGF,Month-to-month,29,79.3,0,0.7505877268672193,1,FP
2923-ARZLG,One year,0,19.7,0,0.32942437957173354,0,TN
7032-LMBHI,One year,37,64.65,0,0.16988625180165282,0,TN
8292-ITGYJ,Two year,45,24.65,0,0.03190742698071689,0,TN
9107-UKCKY,One year,61,79.8,0,0.2838126569466462,0,TN
6848-HJTXY,Two year,64,19.45,0,0.0097996339021485,0,TN
4184-VODJZ,One year,63,91.35,0,0.3774068447435653,0,TN
4846-WHAFZ,Month-to-month,37,76.5,1,0.7502970838871266,1,TP
8735-SDUFN,Two year,72,24.3,0,0.011254584093056645,0,TN
0839-JTCUD,Two year,66,89.9,0,0.031046257503317135,0,TN
6857-VWJDT,Month-to-month,1,95.65,1,0.860279083373243,1,TP
7363-QTBIW,Month-to-month,9,79.75,0,0.8650250193672236,1,FP
6158-HDPXZ,Month-to-month,1,25.35,0,0.7102353248666704,1,FP
5419-CONWX,Month-to-month,4,99.8,1,0.8527543914769403,1,TP
9286-DOJGF,Month-to-month,38,74.95,1,0.6657355070021184,1,TP
2408-PSJVE,Month-to-month,44,61.9,0,0.18273777885656242,0,TN
2087-QAREY,Month-to-month,22,54.7,0,0.44084310228591056,0,TN
6777-TGHTM,One year,53,106.95,1,0.4104220873764224,0,FN
6507-ZJSUR,Month-to-month,23,90.45,0,0.86700101714553,1,FP
5025-GOOKI,Month-to-month,20,18.9,0,0.2728025169602296,0,TN
6080-LNESI,Two year,51,24.75,0,0.02382314165798639,0,TN
2236-HILPA,Two year,62,20.65,0,0.00861512666387793,0,TN
1386-ZIKUV,Month-to-month,7,18.95,0,0.41608786192677216,0,TN
3365-SAIGS,Month-to-month,17,83.55,0,0.8054389199918033,1,FP
6061-GWWAV,One year,41,70.2,0,0.09415137642519093,0,TN
9979-RGMZT,One year,7,94.05,0,0.7095708419850427,1,FP
8445-DNBAE,Month-to-month,1,50.05,0,0.7450083862963486,1,FP
6872-HXFNF,One year,64,58.35,0,0.06338164015625851,0,TN
1320-HTRDR,Month-to-month,3,75.5,1,0.8783748553581714,1,TP
3923-CSIHK,Month-to-month,50,71.05,1,0.5970735131258113,1,TP
2446-ZKVAF,Month-to-month,18,56.8,0,0.4513074785422747,0,TN
4640-UHDOS,Month-to-month,13,55.95,1,0.5739893169777381,1,TP
5457-COLHT,Two year,69,80.65,0,0.021143409855179356,0,TN
2254-DLXRI,Month-to-month,1,79.15,0,0.8261040278325754,1,FP
5339-PXDVH,Month-to-month,4,90.65,0,0.809372141373668,1,FP
2386-LAHRK,Month-to-month,1,53.5,1,0.725465086610618,1,TP
5062-CJJKH,One year,25,53.65,0,0.17072899945521613,0,TN
8930-XOTDP,Month-to-month,18,55.95,0,0.4412448186720942,0,TN
4779-ZGICK,Two year,48,23.55,0,0.022508076657877147,0,TN
9534-NSXEM,One year,26,20.65,0,0.12513322884536554,0,TN
3716-BDVDB,Month-to-month,1,69.1,1,0.8661305881390511,1,TP
9842-EFSYY,Month-to-month,4,57.2,0,0.6826404466409229,1,FP
9122-UMROB,Month-to-month,1,20.3,0,0.38936087273263986,0,TN
1867-BDVFH,Month-to-month,11,74.35,1,0.8292965723402852,1,TP
5949-EBSQK,Month-to-month,4,61.45,1,0.46824583159096667,0,FN
4160-AMJTL,Month-to-month,8,19.65,1,0.43502328872860024,0,FN
8622-ZLFKO,Month-to-month,6,90.75,0,0.8798742983396128,1,FP
2990-IAJSV,Two year,72,92.0,0,0.03290037707054653,0,TN
6064-ZATLR,Two year,27,52.85,0,0.0696827133591982,0,TN
7409-KIUTL,Month-to-month,1,71.0,1,0.8475014194936162,1,TP
5505-OVWQW,One year,17,20.15,0,0.13227004200898115,0,TN
3948-KXDUF,Two year,66,68.75,0,0.019001434494691178,0,TN
9814-AOUDH,Two year,53,19.5,0,0.015881240923143147,0,TN
7398-LXGYX,Month-to-month,44,84.8,0,0.4938542248508518,0,TN
5266-PFRQK,One year,52,20.85,0,0.03677495681905977,0,TN
1568-BEKZM,Two year,70,90.05,0,0.04158697820207924,0,TN
2692-PFYTJ,Month-to-month,1,25.75,0,0.5198273088739815,1,FP
2533-QVMSK,Two year,61,94.1,1,0.2221151096594798,0,FN
5828-AVIPD,One year,19,100.95,1,0.6822755508582091,1,TP
2907-ILJBN,One year,11,20.6,0,0.13593368822720583,0,TN
5226-NOZFC,Month-to-month,26,85.75,0,0.7606252830271427,1,FP
7114-AEOZE,Two year,60,19.85,0,0.011286292196639272,0,TN
2202-CUYXZ,Month-to-month,1,84.85,1,0.8830981594609776,1,TP
3466-RITXD,Month-to-month,26,92.4,0,0.6639217400862799,1,FP
7278-CKDNC,Month-to-month,24,80.5,0,0.8041043616678258,1,FP
1956-YIFGE,One year,22,100.05,0,0.5623430357169049,1,FP
0422-UXFAP,One year,51,98.85,0,0.6159269419714346,1,FP
3733-UOCWF,One year,61,85.55,0,0.24698899102562596,0,TN
7191-ADRGF,Two year,44,54.3,0,0.14032213086840703,0,TN
5709-LVOEQ,Two year,0,80.85,0,0.23565207820200187,0,TN
6034-YMTOB,Month-to-month,5,75.65,0,0.7269147622359801,1,FP
6372-RFVNS,Month-to-month,1,78.8,1,0.8511537169478185,1,TP
9052-DHNKM,One year,26,61.55,0,0.2265649916216566,0,TN
5609-IMCGG,Month-to-month,15,84.35,0,0.6890603928535157,1,FP
2959-MJHIC,Month-to-month,4,80.35,1,0.8792350418437301,1,TP
1319-YLZJG,Month-to-month,12,84.6,0,0.7132940842211709,1,FP
7623-TRNQN,Month-to-month,1,49.9,1,0.5340187263752505,1,TP
0377-JBKKT,Month-to-month,22,57.95,0,0.2478427016763368,0,TN
1936-CZAKF,Two year,49,49.65,0,0.11908353906368371,0,TN
5063-IUOKK,Two year,13,19.75,0,0.08399077580819853,0,TN
8646-JCOMS,One year,66,90.55,0,0.1983165993146999,0,TN
0979-MOZQI,Two year,62,39.0,0,0.06286302007781937,0,TN
1525-LNLOJ,Two year,66,63.3,0,0.06299412193612,0,TN
5759-RCVCB,Month-to-month,3,35.2,1,0.7222882370506816,1,TP
9968-FFVVH,One year,63,68.8,0,0.04071357898748565,0,TN
2266-FUBDZ,Two year,15,19.35,0,0.06407427826136443,0,TN
4760-THGOT,Month-to-month,43,94.1,0,0.6536454081536028,1,FP
2307-FYNNL,Two year,65,109.05,0,0.25637976202657464,0,TN
1143-NMNQJ,Month-to-month,2,85.7,1,0.9048533156750672,1,TP
1629-DQQVB,Month-to-month,14,50.1,0,0.3560509053416209,0,TN
3766-EJLFL,Two year,68,109.05,0,0.12825110046565796,0,TN
8457-XIGKN,Month-to-month,20,19.6,0,0.27641968279275747,0,TN
4981-FLTMF,Month-to-month,57,65.2,0,0.0783261661192076,0,TN
7606-BPHHN,Two year,72,19.8,0,0.01004546165192622,0,TN
7005-CCBKV,Month-to-month,6,84.4,1,0.85931183022019,1,TP
4648-YPBTM,Two year,53,73.9,0,0.08004174534175831,0,TN
2325-ZUSFD,One year,57,70.1,1,0.11261861404522823,0,FN
1240-KNSEZ,Month-to-month,1,20.1,1,0.47257313471299467,0,FN
0430-IHCDJ,Month-to-month,15,49.0,0,0.6947418388867102,1,FP
7957-RYHQD,Month-to-month,40,79.2,1,0.4610221204324592,0,FN
6164-HAQTX,Two year,71,53.95,0,0.02212800723200118,0,TN
0749-IRGQE,Month-to-month,13,45.3,0,0.8012599420204842,1,FP
1227-UDMZR,Two year,72,91.15,0,0.045715832022143396,0,TN
5473-KHBPS,One year,52,95.7,0,0.34307174970153365,0,TN
5297-MDOIR,One year,63,81.15,0,0.16787818610539468,0,TN
8873-TMKGR,One year,29,19.1,0,0.08751112429607551,0,TN
6481-ESCNL,Month-to-month,29,100.55,0,0.7310564061602504,1,FP
0463-WZZKO,Month-to-month,3,20.75,0,0.43511203239735796,0,TN
1038-RQOST,Month-to-month,19,20.6,0,0.1947335374737356,0,TN
4937-QPZPO,One year,61,99.9,0,0.5140634625715386,1,FP
3604-WLABM,Month-to-month,10,54.25,0,0.5015715165015793,1,FP
1360-XFJMR,One year,67,109.7,0,0.32889041172791,0,TN
8717-VCTXJ,One year,42,19.55,0,0.07199793230705,0,TN
5196-SGOAK,Month-to-month,1,75.7,1,0.8370075880270988,1,TP
8739-XNIKG,Month-to-month,5,84.0,0,0.8982243443190338,1,FP
2320-TZRRH,One year,20,19.5,0,0.11972313448268834,0,TN
5186-SAMNZ,Month-to-month,1,69.5,1,0.8334601588600403,1,TP
5760-FXFVO,Month-to-month,6,78.95,0,0.7572135197613828,1,FP
5380-WJKOV,Month-to-month,34,106.35,1,0.8165559233092743,1,TP
4703-MQYKT,Two year,21,19.6,0,0.06119881490073683,0,TN
2001-MCUUW,Two year,46,108.65,0,0.29732036051092825,0,TN
4947-DSMXK,Month-to-month,34,97.7,0,0.727800195551567,1,FP
0076-LVEPS,Month-to-month,29,45.0,0,0.2633837025545397,0,TN
5566-SOEZD,One year,27,80.65,0,0.2970698563596957,0,TN
7408-OFWXJ,Two year,72,89.8,0,0.026547448961247836,0,TN
1097-FSPVW,Month-to-month,42,54.55,0,0.1729394372726372,0,TN
4412-YLTKF,Month-to-month,27,78.05,1,0.8056060583455757,1,TP
0420-TXVSG,Two year,66,66.1,0,0.0358470062529707,0,TN
7817-BOQPW,Month-to-month,2,75.55,1,0.881951887959961,1,TP
0963-ZBDRN,Month-to-month,32,96.2,1,0.7567821560705745,1,TP
9685-WKZGT,Month-to-month,14,74.95,1,0.8622098616067032,1,TP
2139-FQHLM,Month-to-month,19,89.95,0,0.617156590254146,1,FP
5825-XJOCM,One year,48,64.4,0,0.09626097497617325,0,TN
0004-TLHLJ,Month-to-month,4,73.9,1,0.84917092776314,1,TP
7529-ZDFXI,Month-to-month,57,89.85,0,0.6790882782067361,1,FP
6848-YLDFR,One year,58,75.2,0,0.10936532224074366,0,TN
5820-PTRYM,One year,56,68.45,0,0.08507584376517632,0,TN
2984-RGEYA,Two year,69,19.75,0,0.006385932104608037,0,TN
6434-TTGJP,Two year,10,53.7,0,0.13667456035959513,0,TN
9643-AVVWI,Month-to-month,3,80.0,0,0.7361332577161797,1,FP
3506-OVLKD,One year,35,26.2,0,0.08329184569349747,0,TN
4946-EDSEW,Month-to-month,11,19.25,1,0.31780470230883306,0,FN
2924-KHUVI,One year,56,100.55,0,0.49384435649378444,0,TN
2263-SFSQZ,Two year,51,24.95,0,0.02671119707427543,0,TN
5281-BUZGT,Month-to-month,36,90.85,1,0.7373545035319288,1,TP
3717-FDJFU,Two year,5,20.45,0,0.09133617799777581,0,TN
2239-CFOUJ,One year,1,20.4,0,0.19874424326470913,0,TN
8699-ASUFO,Month-to-month,7,74.4,1,0.8500630341288091,1,TP
1122-YJBCS,One year,69,53.65,0,0.048568085088004365,0,TN
0628-CNQRM,One year,22,67.5,1,0.18341458618807602,0,FN
1705-GUHPV,Two year,63,24.2,0,0.014646745108343849,0,TN
4877-TSOFF,One year,55,75.75,0,0.08191929116289955,0,TN
7404-JLKQG,Month-to-month,3,57.55,0,0.7015302322166169,1,FP
0379-DJQHR,Two year,67,81.35,0,0.0298280838825391,0,TN
8993-PHFWD,Month-to-month,3,25.25,1,0.7556827257272448,1,TP
3930-ZGWVE,Month-to-month,1,19.75,0,0.3922762513322419,0,TN
1965-DDBWU,Month-to-month,16,89.05,1,0.7649985888585773,1,TP
7572-KPVKK,Two year,62,104.05,0,0.2709554196193609,0,TN
6854-EXGSF,Month-to-month,8,65.5,0,0.5013861678934962,1,FP
9483-GCPWE,One year,9,20.1,0,0.14917245618770242,0,TN
8053-WWDRO,Month-to-month,6,19.5,1,0.33115621674624673,0,FN
9473-CBZOP,One year,28,59.0,0,0.18055785574592498,0,TN
3985-HOYPM,One year,26,19.4,0,0.09858183776513901,0,TN
8378-LKJAF,Month-to-month,38,101.15,0,0.7207353540511021,1,FP
1310-QRITU,Month-to-month,18,50.3,0,0.6583980446143373,1,FP
3237-AJGEH,Month-to-month,3,31.0,1,0.631754015957764,1,TP
6542-LWGXJ,Month-to-month,3,25.0,0,0.6987382416094149,1,FP
6953-PBDIN,Two year,70,72.95,0,0.03624558107355505,0,TN
6332-FBZRI,One year,67,69.35,0,0.04220252044600778,0,TN
9365-CSLBQ,Two year,71,24.35,0,0.008386882473968873,0,TN
3466-WAESX,Month-to-month,16,69.1,0,0.5664618376239984,1,FP
9700-ISPUP,Month-to-month,10,65.5,0,0.5591847077433534,1,FP
5167-ZFFMM,Month-to-month,1,90.85,1,0.8512977276319419,1,TP
7669-LCRSD,Month-to-month,12,56.3,0,0.5762762534284839,1,FP
0870-VEMYL,Month-to-month,5,53.85,1,0.3545419623426568,0,FN
2995-UPRYS,One year,40,99.2,1,0.458500657249763,0,FN
3179-GBRWV,Month-to-month,21,64.95,0,0.45900269960719275,0,TN
0701-TJSEF,Month-to-month,9,68.25,0,0.46503961112060316,0,TN
1848-LBZHY,Month-to-month,7,50.3,0,0.5019549929119227,1,FP
5380-XPJNZ,One year,38,20.05,0,0.0582101525986027,0,TN
6608-QQLVK,Month-to-month,1,50.5,1,0.7327596166155254,1,TP
1475-VWVDO,Month-to-month,7,74.9,0,0.8334428035053105,1,FP
3721-CNEYS,Month-to-month,2,70.95,1,0.8533909981354787,1,TP
4299-OPXEJ,Two year,56,19.55,0,0.01879816739299996,0,TN
0096-BXERS,Month-to-month,6,50.35,0,0.6833621611560915,1,FP
3055-VTCGS,One year,63,58.55,0,0.08639486032163861,0,TN
9405-GPBBG,Two year,64,110.5,0,0.20032886438367112,0,TN
6704-UTUKK,Month-to-month,29,45.9,0,0.735416336983809,1,FP
9944-AEXBM,Month-to-month,32,85.65,0,0.7337499006060689,1,FP
2545-EBUPK,Month-to-month,2,84.05,0,0.920195892165332,1,FP
6270-OMFIW,One year,60,94.4,1,0.4656257884851529,0,FN
1852-XEMDW,Month-to-month,22,65.05,0,0.330266014282193,0,TN
8158-WPEZG,Month-to-month,11,35.65,0,0.6621513721875394,1,FP
5198-EFNBM,One year,57,90.65,0,0.4372551035145365,0,TN
7663-RGWBC,Month-to-month,1,44.15,1,0.6765820369718504,1,TP
3970-XGJDU,Two year,62,19.2,0,0.014517679490051755,0,TN
6845-RGTYS,Month-to-month,47,98.75,1,0.6155604039458641,1,TP
0123-CRBRT,Two year,61,88.1,0,0.03899160029795475,0,TN
6077-BDPXA,Month-to-month,3,70.15,0,0.8512946131482374,1,FP
2250-IVBWA,Month-to-month,64,81.05,0,0.2350681119184092,0,TN
6137-NICCO,Month-to-month,6,94.05,0,0.7985726934648832,1,FP
8129-GMVGI,Two year,56,20.05,0,0.011438026171787501,0,TN
4353-HYOJD,Month-to-month,27,49.85,0,0.2774903893720828,0,TN
8671-KKKOS,Month-to-month,46,45.55,0,0.30846737810476155,0,TN
8080-DDEMJ,Month-to-month,1,45.1,1,0.7071500389152431,1,TP
6698-OXETB,Two year,11,20.4,0,0.08960685327889466,0,TN
3312-UUMZW,Month-to-month,32,98.85,0,0.7726851864601073,1,FP
6376-GAHQE,Month-to-month,4,77.85,1,0.8436217998700987,1,TP
0733-VUNUW,Month-to-month,24,55.65,1,0.4201840642178657,0,FN
6733-LRIZX,Two year,35,108.95,0,0.3857936155114001,0,TN
2165-VOEGB,One year,46,105.2,1,0.2435565050377051,0,FN
1853-UDXBW,Month-to-month,1,70.0,1,0.836969029970749,1,TP
9070-BCKQP,Two year,72,110.15,0,0.13930029392654636,0,TN
1035-IPQPU,Month-to-month,63,103.5,0,0.7232637038841941,1,FP
2057-ZBLPD,Month-to-month,21,86.5,1,0.8472303190649104,1,TP
6967-PEJLL,One year,37,40.2,0,0.17590838641245526,0,TN
7879-CGSFV,One year,55,100.9,0,0.32207913751754286,0,TN
2257-BOVXD,Month-to-month,14,66.6,0,0.5830621879080241,1,FP
9822-BIIGN,Month-to-month,53,71.85,0,0.19036548694645344,0,TN
1136-XGEQU,One year,50,84.15,0,0.1711481758202799,0,TN
2439-LYPMQ,Month-to-month,38,102.6,0,0.8400182398815711,1,FP
6543-XRMYR,Month-to-month,30,99.7,1,0.8536425491553415,1,TP
5753-QQWPW,One year,28,59.9,0,0.17426232306933606,0,TN
4785-QRJHC,One year,46,59.9,1,0.2724198121069207,0,FN
0052-YNYOT,One year,67,20.55,0,0.02529574470700762,0,TN
7054-LGEQW,Month-to-month,1,45.95,1,0.581802313138977,1,TP
0608-JDVEC,Two year,50,19.8,0,0.027073052732233833,0,TN
6284-KMNUF,One year,56,98.0,0,0.48747665502268833,0,TN
6286-SUUWT,Month-to-month,1,19.95,0,0.3912152126719987,0,TN
3594-KADLU,Month-to-month,3,35.1,0,0.5154670199629287,1,FP
0536-ACXIP,Two year,72,109.55,0,0.23960178752356945,0,TN
8869-TORSS,One year,48,60.35,1,0.07443628304398893,0,FN
0373-AIVNJ,One year,9,39.55,0,0.32019297370080274,0,TN
6429-SHBCB,Month-to-month,19,69.6,0,0.6305680967211192,1,FP
5751-USDBL,Two year,46,81.0,0,0.04917221959201285,0,TN
6815-ABQFQ,One year,56,107.25,0,0.48738109075805497,0,TN
9450-TRJUU,Month-to-month,35,83.15,0,0.7323785284269989,1,FP
2805-AUFQN,Two year,25,19.8,0,0.04795029231477879,0,TN
7855-DIWPO,Month-to-month,21,68.65,0,0.7710881763453982,1,FP
0174-QRVVY,Two year,71,25.35,0,0.00824101431117633,0,TN
9507-EXLTT,Month-to-month,1,79.35,1,0.8411803844343188,1,TP
8390-FESFV,Two year,62,84.5,0,0.05915127683286893,0,TN
0661-KBKPA,One year,53,78.75,0,0.18194609126930236,0,TN
6856-RAURS,Month-to-month,2,74.9,0,0.841740755579557,1,FP
7322-OCWHC,Two year,72,93.05,0,0.07938102496795861,0,TN
2203-GHNWN,Month-to-month,24,79.65,0,0.7310477673367355,1,FP
3413-CSSTH,Month-to-month,41,55.7,0,0.36362521831128347,0,TN
3006-XIMLN,Month-to-month,2,94.2,1,0.8674015524299126,1,TP
3750-CKVKH,Month-to-month,2,67.75,1,0.8654215384797938,1,TP
0576-WNXXC,Month-to-month,27,95.55,1,0.8282804746576605,1,TP
7056-IMHCC,Month-to-month,53,101.9,1,0.774719617966867,1,TP
0866-QLSIR,One year,34,64.4,1,0.13638028880076755,0,FN
1628-BIZYP,Month-to-month,1,85.0,0,0.8732347561816641,1,FP
2230-XTUWL,Two year,48,19.55,0,0.015975964006980557,0,TN
1980-KXVPM,Month-to-month,3,75.05,1,0.8513146853608023,1,TP
8619-IJNDK,Two year,71,64.05,0,0.00944491181258462,0,TN
2960-NKRSO,Month-to-month,24,85.95,0,0.648866948130368,1,FP
6705-LXORM,Month-to-month,5,70.05,0,0.8193471666058717,1,FP
7130-VTEWQ,Month-to-month,8,75.75,1,0.8778463600422604,1,TP
9364-YKUVW,Month-to-month,15,19.8,0,0.333755935719852,0,TN
2761-OCIAX,Month-to-month,2,74.7,1,0.8599938626052244,1,TP
7996-BPXHY,Two year,13,25.0,0,0.1085116777118581,0,TN
4248-QPAVC,Month-to-month,17,85.35,1,0.7081698339214919,1,TP
9357-UJRUN,One year,24,58.35,0,0.27892609403994334,0,TN
6340-DACFT,Two year,50,20.55,0,0.014054844624805515,0,TN
1023-BQXZE,Two year,57,74.35,0,0.0769050233124404,0,TN
5480-HPRRX,Month-to-month,3,25.3,1,0.7831552739349672,1,TP
9576-SYUHJ,Month-to-month,37,91.15,0,0.7036748778754326,1,FP
2169-RRLFW,Two year,71,25.6,0,0.010052325080830846,0,TN
8338-QIUNR,Two year,72,66.5,0,0.019433026325017665,0,TN
0463-TXOAK,Two year,52,25.6,0,0.017272099068160903,0,TN
4396-KLSEH,Month-to-month,4,19.85,0,0.5284564254673823,1,FP
5186-EJEGL,Month-to-month,9,69.5,0,0.46823487513191786,0,TN
9334-GWGOW,Month-to-month,7,74.85,0,0.8873830596589356,1,FP
5696-JVVQY,Two year,48,70.1,0,0.05042062158888044,0,TN
9633-DENPU,Month-to-month,47,58.6,0,0.3022638714241652,0,TN
0581-BXBUB,Month-to-month,4,72.75,0,0.806931664814991,1,FP
2750-BJLSB,One year,47,103.7,0,0.39668797238777503,0,TN
2770-NSVDG,Month-to-month,24,29.1,0,0.5781766753354205,1,FP
8280-MQRQN,Month-to-month,1,50.45,1,0.6523789016290292,1,TP
7851-FLGGQ,Month-to-month,1,44.65,1,0.7261681289200382,1,TP
9374-YOLBJ,Month-to-month,1,19.25,0,0.4202148389559344,0,TN
6583-SZVGP,Two year,48,108.1,0,0.32592315182880094,0,TN
2150-OEGBV,One year,27,20.1,0,0.08952817297212172,0,TN
9372-TXXPS,Two year,60,59.85,0,0.01645340017461375,0,TN
6933-FHBZC,One year,26,56.05,0,0.2451194331184115,0,TN
4698-KVLLG,Two year,51,19.6,0,0.019202936615747034,0,TN
8752-STIVR,Month-to-month,4,79.0,1,0.8769657753327638,1,TP
8623-ULFNQ,Month-to-month,26,66.05,0,0.6134845766410765,1,FP
9822-WMWVG,Month-to-month,41,106.5,0,0.5645756617374086,1,FP
4304-TSPVK,Two year,68,114.9,0,0.10560850170301138,0,TN
1716-LSAMB,Two year,45,54.65,0,0.026139886821925123,0,TN
3523-QRQLL,One year,22,69.5,1,0.33852540422568467,0,FN
2187-PKZAY,Month-to-month,12,79.95,0,0.7997325503906306,1,FP
1895-QTKDO,Month-to-month,1,43.95,0,0.5795568174705775,1,FP
8161-QYMTT,Month-to-month,7,94.1,0,0.9180559100329505,1,FP
2955-PSXOE,Month-to-month,1,20.2,1,0.4511184165205905,0,FN
6834-NXDCA,Month-to-month,13,23.9,1,0.7469493245610015,1,TP
8701-DGLVH,Two year,51,20.45,0,0.017929064710599206,0,TN
2480-SQIOB,Month-to-month,4,44.8,0,0.6015095811581325,1,FP
4993-JCRGJ,Month-to-month,26,84.3,0,0.6560249328198999,1,FP
0581-MDMPW,Month-to-month,24,88.95,0,0.7668016588438683,1,FP
7789-CRUVC,Month-to-month,61,94.2,0,0.3255645282913162,0,TN
0164-APGRB,Two year,72,114.9,0,0.18711596058992824,0,TN
8034-RYTVV,One year,55,84.25,0,0.24916998476525887,0,TN
3018-TFTSU,Month-to-month,12,81.7,1,0.5629614763641034,1,TP
9777-IQHWP,Two year,64,93.4,0,0.09703293269526865,0,TN
6899-PPEEA,Month-to-month,37,96.55,1,0.8441208141231108,1,TP
6701-YVNQG,Two year,72,88.7,0,0.04640636413952826,0,TN
7649-PHJVR,One year,11,19.5,0,0.1703961166316003,0,TN
9278-VZKCD,Month-to-month,52,109.1,0,0.7023598739224474,1,FP
7636-PEPNS,One year,58,44.1,0,0.08450855588080472,0,TN
1575-KRZZE,Month-to-month,4,55.2,0,0.5006552003893916,1,FP
8590-OHDIW,One year,38,20.3,0,0.048068033065974805,0,TN
7764-BDPEE,Month-to-month,3,20.85,0,0.31509587550987295,0,TN
9480-BQJEI,One year,62,92.3,0,0.27199020686058306,0,TN
3354-OADJP,One year,8,54.25,0,0.19202171499484935,0,TN
3181-MIZBN,Month-to-month,16,19.75,0,0.28202052442905373,0,TN
9327-QSDED,Month-to-month,8,43.55,0,0.5379690212657633,1,FP
4892-VLANZ,Month-to-month,1,19.8,1,0.3920108958375573,0,FN
0298-XACET,Two year,52,50.2,0,0.0498578078595273,0,TN
6917-FIJHC,Two year,72,26.0,0,0.01366816443672506,0,TN
6557-BZXLQ,Month-to-month,16,69.65,0,0.7647345967062766,1,FP
2432-TFSMK,One year,18,89.6,0,0.6601182484644965,1,FP
4211-MMAZN,Month-to-month,1,20.25,1,0.38962558396327546,0,FN
4751-ERMAN,Two year,72,75.4,0,0.051554901720987034,0,TN
8430-TWCBX,One year,49,20.7,0,0.03663422800380531,0,TN
1942-OQFRW,Month-to-month,1,44.0,0,0.6800196403737753,1,FP
4075-JFPGR,One year,51,93.5,0,0.34154823806355894,0,TN
3339-EAQNV,One year,72,97.25,0,0.41478906103784735,0,TN
5329-KRDTM,Two year,72,77.35,0,0.03576210526023017,0,TN
0307-BCOPK,One year,16,19.05,0,0.13996058913844894,0,TN
6473-ULUHT,Month-to-month,16,84.9,0,0.46460896894971343,0,TN
1194-SPVSP,Month-to-month,1,19.65,0,0.3804804175615599,0,TN
7249-WBIYX,Month-to-month,10,85.6,1,0.8850894544676053,1,TP
2293-IJWPS,One year,57,100.75,0,0.49125157893328175,0,TN
4377-VDHYI,One year,32,90.8,0,0.430080489750487,0,TN
0019-EFAEP,Two year,72,101.3,0,0.11464231640167774,0,TN
2480-EJWYP,One year,58,97.8,0,0.47854463301661154,0,TN
8970-ANWXO,One year,23,73.75,0,0.4158667446445301,0,TN
8739-WWKDU,Month-to-month,25,89.5,1,0.8358586148714651,1,TP
2171-UDMFD,Month-to-month,32,19.45,0,0.1597953483901232,0,TN
7036-TYDEC,Two year,69,104.0,0,0.20424558768352272,0,TN
3831-YCPUO,Two year,72,109.5,0,0.08011144727062715,0,TN
0121-SNYRK,One year,50,35.4,0,0.10041584504297595,0,TN
3325-FUYCG,One year,28,106.1,1,0.49410602662506414,0,FN
1952-DVVSW,One year,10,20.1,0,0.1718750182561733,0,TN
3571-DPYUH,One year,58,94.7,0,0.25228997117138846,0,TN
2077-MPJQO,Month-to-month,7,75.4,0,0.8871379840976896,1,FP
2391-SOORI,Month-to-month,4,49.35,1,0.4970384324573575,0,FN
4086-ATNFV,One year,34,60.8,0,0.11659675167339104,0,TN
3396-DKDEL,Two year,70,115.15,0,0.11443596368266266,0,TN
7471-MQPOS,One year,71,72.9,0,0.087031284469553,0,TN
7181-OQCUT,Month-to-month,21,103.85,0,0.7169763573440195,1,FP
3489-VSFRD,One year,56,60.25,0,0.05686730466352464,0,TN
6283-GITPX,Two year,71,76.9,0,0.019134573378070632,0,TN
2845-HSJCY,Month-to-month,14,87.25,1,0.8507124208259016,1,TP
7216-KAOID,One year,41,19.5,0,0.04243114349000055,0,TN
6680-WKXRZ,Month-to-month,3,74.4,1,0.7798855447909889,1,TP
2346-LOCWC,Two year,58,20.5,0,0.010003535516071806,0,TN
0769-MURVM,Two year,72,65.7,0,0.02340194298810448,0,TN
3374-LXDEV,Month-to-month,13,89.4,1,0.6948598913066284,1,TP
5318-YKDPV,Two year,43,79.15,0,0.07192021671380641,0,TN
8190-ZTQFB,One year,41,51.35,0,0.45334678983902826,0,TN
4512-ZUIYL,Month-to-month,2,70.0,1,0.7407889427975962,1,TP
3090-QFUVD,Month-to-month,1,20.3,0,0.3691471382750728,0,TN
4806-KEXQR,Month-to-month,4,79.9,1,0.8815471975184432,1,TP
2369-FEVNO,Month-to-month,1,19.9,0,0.4736831413511278,0,TN
9637-CDTKZ,Two year,72,114.1,0,0.13156638767002654,0,TN
2954-PIBKO,Two year,69,64.15,0,0.020289325763009108,0,TN
2212-LYASK,One year,27,45.85,0,0.33310738020564024,0,TN
9481-SFCQY,Month-to-month,14,59.8,0,0.5340288062780804,1,FP
2828-SLQPF,Month-to-month,19,45.0,0,0.5010107807970243,1,FP
4647-MUZON,Month-to-month,18,95.95,0,0.7994854438503675,1,FP
8212-DJRCH,Month-to-month,5,90.35,0,0.7191111258138404,1,FP
0516-OOHAR,One year,28,100.35,0,0.4317730003134545,0,TN
4973-RLZVI,One year,30,74.65,0,0.1114284021233414,0,TN
8089-UZWLX,Two year,71,104.05,0,0.20136485571904408,0,TN
9732-KPKBW,Month-to-month,1,53.95,1,0.5770997118703322,1,TP
9715-WZCLW,Two year,71,97.2,0,0.21404870194673264,0,TN
0257-KXZGU,Month-to-month,32,62.45,0,0.27575869518895907,0,TN
0707-HOVVN,Two year,70,75.5,0,0.05158775237661604,0,TN
5501-TVMGM,Month-to-month,1,55.25,0,0.787142540678155,1,FP
3422-LYEPQ,Month-to-month,1,71.0,1,0.8339081665437278,1,TP
2277-VWCNI,Month-to-month,4,48.75,0,0.6582323734381255,1,FP
5461-QKNTN,Month-to-month,43,94.3,0,0.6953655804909696,1,FP
3967-KXAPS,Two year,72,92.3,0,0.03380584201418671,0,TN
6919-ELBGL,Two year,72,114.95,0,0.1235415441110604,0,TN
8361-LTMKD,Month-to-month,4,74.4,1,0.861535934877213,1,TP
1131-ALZWV,One year,24,24.6,0,0.12370101091138438,0,TN
5178-LMXOP,Month-to-month,1,95.1,1,0.9379988175163243,1,TP
8992-CEUEN,Month-to-month,1,18.85,0,0.47459695954170406,0,TN
3320-VEOYC,Month-to-month,14,95.6,0,0.9112694065221197,1,FP
3672-YITQD,Month-to-month,36,84.1,1,0.8188116848446708,1,TP
6080-TCMYC,Month-to-month,40,81.2,0,0.6587029211379847,1,FP
6734-FQAJX,Two year,67,105.05,0,0.17986427430475976,0,TN
1063-DHQJF,Two year,69,92.15,0,0.08864442116784965,0,TN
3976-NLDEZ,Month-to-month,1,20.6,0,0.3877739794125399,0,TN
1729-VLAZJ,One year,10,40.25,0,0.20154493996673145,0,TN
3400-ESFUW,Two year,55,57.55,1,0.016370611275551335,0,FN
5271-YNWVR,Two year,68,113.15,1,0.17417346099597025,0,FN
1587-FKLZB,Month-to-month,66,99.5,1,0.607102634856961,1,TP
0958-YHXGP,Month-to-month,7,69.9,0,0.7824357324266283,1,FP
1494-EJZDW,Two year,10,20.15,0,0.07501070147184014,0,TN
1816-FLZDK,Month-to-month,1,29.15,0,0.6382867573929911,1,FP
2075-PUEPR,Two year,55,19.35,0,0.012080064312705953,0,TN
1833-TCXKK,Month-to-month,45,107.75,0,0.7000071049315669,1,FP
1436-ZMJAN,Month-to-month,10,67.8,0,0.6949060843503585,1,FP
0106-UGRDO,Two year,69,116.0,0,0.1976217478247225,0,TN
1069-XAIEM,Month-to-month,1,85.05,1,0.9204075669408349,1,TP
4213-HKBJO,Two year,33,25.7,0,0.0442953359005153,0,TN
8345-MVDYC,Two year,45,81.65,0,0.05466417903379085,0,TN
2672-OJQZP,Month-to-month,1,44.75,0,0.5882883047968923,1,FP
5136-RGMZO,Month-to-month,31,71.05,0,0.5065343753791445,1,FP
5774-QPLTF,One year,50,20.35,0,0.041670801032989015,0,TN
5240-CAOYT,Month-to-month,57,87.55,0,0.3023840984491827,0,TN
3707-GNWHM,Month-to-month,1,74.25,1,0.8521362636917977,1,TP
5159-YFPKQ,Month-to-month,2,75.8,1,0.8482555770330213,1,TP
5052-PNLOS,Month-to-month,3,105.35,1,0.8678323157850193,1,TP
6173-GOLSU,Month-to-month,67,94.65,0,0.6247590100543119,1,FP
6661-HBGWL,Month-to-month,42,104.75,1,0.7387015894496962,1,TP
8207-VVMYB,Two year,70,26.0,0,0.014913905453840566,0,TN
5324-KTGCG,One year,71,20.85,0,0.022931129573023998,0,TN
7354-OIJLX,Month-to-month,9,75.85,0,0.8615363930685896,1,FP
9286-BHDQG,Two year,72,45.25,0,0.011550319124122573,0,TN
3567-PQTSO,One year,53,105.25,0,0.529110107559293,1,FP
3197-ARFOY,Month-to-month,19,105.0,0,0.6686675193847664,1,FP
5698-BQJOH,Month-to-month,9,94.4,1,0.8788262519796959,1,TP
1090-ESELR,Two year,72,105.5,0,0.05913226662893931,0,TN
0056-EPFBG,Two year,20,39.4,0,0.11892280739893062,0,TN
4955-VCWBI,One year,43,20.0,0,0.039301668845402656,0,TN
4717-GHADL,Two year,50,79.6,0,0.11717569724250719,0,TN
0058-EVZWM,Month-to-month,55,89.8,0,0.49446042764442383,0,TN
7218-HKQFK,Month-to-month,2,94.2,1,0.8767757989941841,1,TP
5057-RKGLH,Two year,9,20.35,0,0.0775216402661475,0,TN
2309-OSFEU,Month-to-month,10,33.9,1,0.7592816542292183,1,TP
3429-IFLEM,Two year,71,77.35,0,0.016635998213645545,0,TN
1550-LOAHA,Month-to-month,32,84.15,1,0.5702355592020143,1,TP
1400-MMYXY,Month-to-month,3,105.9,1,0.9200331141484119,1,TP
7503-QQRVF,Month-to-month,16,74.3,1,0.731587663305428,1,TP
7504-UWHNB,Month-to-month,25,69.75,0,0.6791605743344461,1,FP
9565-JSNFM,One year,38,70.45,1,0.3816122813563803,0,FN
4735-BJKOU,Two year,40,20.15,0,0.027420325809855105,0,TN
3580-GICBM,Two year,61,24.2,0,0.01750494861455097,0,TN
7632-YUTXB,One year,25,20.05,0,0.08121624998765609,0,TN
9412-ARGBX,Two year,48,95.5,1,0.1413188467336528,0,FN
9576-ANLXO,Month-to-month,3,69.55,1,0.7964049107865178,1,TP
1110-KYLGQ,Month-to-month,63,108.25,0,0.4242739275146921,0,TN
8696-JKZNU,Month-to-month,37,76.25,1,0.7468290052359151,1,TP
8757-TFHHJ,Month-to-month,1,49.8,0,0.5610361724431965,1,FP
2955-BJZHG,Month-to-month,17,80.85,1,0.7375474617176129,1,TP
9048-JVYVF,Month-to-month,3,69.35,1,0.7547984216325831,1,TP
0682-USIXD,Month-to-month,21,86.05,0,0.7516292082643413,1,FP
3884-UEBXB,Two year,67,36.15,0,0.017813126371055425,0,TN
1776-SPBWV,One year,34,20.1,0,0.07402857384863872,0,TN
9050-QLROH,Month-to-month,18,90.7,1,0.8004664269287499,1,TP
2925-VDZHY,Two year,72,88.7,0,0.028005309158613073,0,TN
9512-UIBFX,Month-to-month,18,95.15,1,0.7167777315325107,1,TP
8676-TRMJS,Month-to-month,3,75.0,1,0.7915404868210378,1,TP
3334-CTHOL,Month-to-month,1,49.95,1,0.7051523608084408,1,TP
6331-LWDTQ,Month-to-month,10,72.15,1,0.7410716319954526,1,TP
3847-BAERP,Month-to-month,10,20.9,0,0.3706223929589193,0,TN
4709-LKHYG,One year,29,20.0,0,0.0946858810488119,0,TN
8621-MNIHH,Month-to-month,34,94.25,1,0.801093752600771,1,TP
8884-ADFVN,Month-to-month,7,101.95,1,0.9223177179189572,1,TP
2885-HIJDH,Two year,69,86.9,0,0.03300364766307563,0,TN
8570-KLJYJ,One year,36,54.45,0,0.14246886717000357,0,TN
9339-FIIJL,Two year,72,85.95,0,0.0468498807016393,0,TN
6223-DHJGV,One year,42,20.65,0,0.06987347329489556,0,TN
0959-WHOKV,One year,42,99.0,0,0.48941618032596435,0,TN
9610-WCESF,Two year,67,43.9,0,0.040961931696488096,0,TN
9279-CJEOJ,Month-to-month,21,95.4,0,0.8498289085885863,1,FP
2985-FMWYF,Month-to-month,23,93.5,0,0.8804692290812237,1,FP
3540-RZJYU,Month-to-month,15,86.2,1,0.6994137691519109,1,TP
2522-WLNSF,One year,34,64.2,0,0.1778690480405862,0,TN
6861-XWTWQ,Month-to-month,7,99.25,1,0.9260540054182823,1,TP
8735-NBLWT,Month-to-month,9,20.4,0,0.2653248531031807,0,TN
1744-JHKYS,Month-to-month,34,24.7,0,0.22487589617772072,0,TN
0841-NULXI,Month-to-month,1,35.55,1,0.8608026550400284,1,TP
4016-BJKTZ,Two year,25,108.9,0,0.41101834582308067,0,TN
9298-WGMRW,Two year,72,115.5,0,0.12987402453232125,0,TN
7893-IXHRQ,Month-to-month,1,20.55,1,0.47317016580754295,0,FN
8785-CJSHH,Month-to-month,60,99.8,0,0.7035781781943485,1,FP
7654-YWJUF,One year,43,84.25,0,0.21350237599074506,0,TN
8909-BOLNL,One year,3,21.2,0,0.21638077148508988,0,TN
9919-FZDED,Two year,72,84.1,0,0.06981186770747005,0,TN
0322-CHQRU,Month-to-month,2,45.35,1,0.6652239049613503,1,TP
3587-PMCOY,One year,10,98.9,0,0.7145773854154746,1,FP
0655-RBDUG,Month-to-month,7,98.05,1,0.8801187458240669,1,TP
0983-TATYJ,One year,33,51.45,0,0.17651245350361042,0,TN
5650-YLIBA,Month-to-month,31,81.15,0,0.7380219158269264,1,FP
5144-TVGLP,Month-to-month,38,94.75,0,0.8013632797937753,1,FP
3569-EDBPQ,Month-to-month,24,84.35,0,0.6467768568917163,1,FP
4945-RVMTE,Month-to-month,28,59.55,0,0.47395112037593784,0,TN
3511-BFTJW,Two year,72,38.5,0,0.015799235370723034,0,TN
5537-UXXVS,Month-to-month,20,19.25,0,0.21449785577278976,0,TN
8782-NUUOL,One year,60,79.0,0,0.08020032924079375,0,TN
2865-TCHJW,Month-to-month,4,89.2,1,0.9094399609913241,1,TP
9931-KGHOA,Month-to-month,46,55.0,0,0.18958275783136794,0,TN
3071-MVJCD,Two year,72,82.3,0,0.017770332002503154,0,TN
7279-BUYWN,Month-to-month,41,113.2,1,0.7423955530987159,1,TP
3756-VNWDH,One year,65,100.75,0,0.4867147083965412,0,TN
1395-OFUWC,Month-to-month,43,29.3,0,0.2305560672641608,0,TN
4223-BKEOR,One year,21,64.85,0,0.18331513007542366,0,TN
0040-HALCW,Two year,54,20.4,0,0.012175233222143119,0,TN
7124-UGSUR,One year,61,104.4,1,0.4713087849296198,0,FN
7395-XWZOY,Month-to-month,20,55.0,0,0.4416207618832995,0,TN
5440-VHLUL,One year,69,105.2,0,0.3220244298854168,0,TN
4706-DGAHW,Month-to-month,1,45.2,0,0.7066887543897402,1,FP
8166-ORCHU,One year,33,93.55,0,0.4390510588267744,0,TN
3978-YNKDD,Two year,19,20.85,0,0.050519450030471647,0,TN
7198-GLXTC,Month-to-month,2,79.0,1,0.8481197337039129,1,TP
6366-XIVKZ,Month-to-month,13,63.15,0,0.4729341288717488,0,TN
5133-POWUA,Month-to-month,1,45.8,0,0.6684918640824253,1,FP
8400-WZICQ,Month-to-month,55,55.7,0,0.1215868040216642,0,TN
5382-SOYZL,Month-to-month,22,95.1,0,0.8810332147725229,1,FP
1989-PRJHP,Month-to-month,27,75.5,1,0.804678327835308,1,TP
4154-AQUGT,Month-to-month,13,89.05,1,0.7378319966040209,1,TP
0980-FEXWF,One year,26,50.35,0,0.18018735924902413,0,TN
5845-BZZIB,Two year,35,20.1,0,0.02802519186017524,0,TN
4840-ORQXB,Month-to-month,56,104.75,0,0.6835551838742837,1,FP
0295-PPHDO,Month-to-month,1,95.45,1,0.9267673801297022,1,TP
8775-ERLNB,Month-to-month,1,74.3,0,0.8736360109186014,1,FP
0376-YMCJC,Month-to-month,23,90.6,1,0.7856560132262915,1,TP
7410-YTJIK,Month-to-month,7,75.45,1,0.7619007570725804,1,TP
9927-DSWDF,Month-to-month,22,104.6,0,0.7015689719615054,1,FP
6681-ZSEXG,Two year,56,59.5,0,0.05123749838385896,0,TN
5702-KVQRD,Two year,71,82.55,0,0.05578923244972972,0,TN
8711-LOBKY,Two year,59,19.85,0,0.010547870035696913,0,TN
9692-TUSXH,Month-to-month,18,96.05,1,0.7999868094496574,1,TP
4012-YCFAI,Two year,60,61.35,0,0.02543448404471833,0,TN
8455-HIRAQ,Month-to-month,8,44.45,0,0.5266859911347117,1,FP
7853-WNZSY,Month-to-month,1,19.75,0,0.4611345235503422,0,TN
0390-DCFDQ,Month-to-month,1,70.45,1,0.8358385400301682,1,TP
6421-SZVEM,One year,28,82.85,0,0.390854900925712,0,TN
3094-JOJAI,Month-to-month,18,74.15,0,0.7115834901724699,1,FP
4873-ILOLJ,Month-to-month,24,90.35,1,0.8435714345561515,1,TP
8181-YHCMF,Two year,68,60.3,0,0.03879195845862862,0,TN
3324-OIRTO,One year,71,104.65,0,0.19643175792901438,0,TN
9135-HSWOC,Two year,64,19.7,0,0.01134237136370065,0,TN
2272-WUSPA,Two year,72,110.75,0,0.21968000875136817,0,TN
4627-MIHJH,Two year,69,110.25,0,0.12214484907202988,0,TN
3896-RCYYE,Month-to-month,67,53.4,0,0.2549327386409937,0,TN
6729-GDNGC,Month-to-month,20,80.7,0,0.7054148290393552,1,FP
9945-PSVIP,Two year,25,18.7,0,0.05708048183578052,0,TN
4137-JOPHL,Two year,50,89.7,0,0.1712216484332629,0,TN
2720-FVBQP,Month-to-month,6,48.95,0,0.6215621216782586,1,FP
7854-EKTJL,Month-to-month,2,19.6,1,0.4861505172017257,0,FN
1133-KXCGE,One year,18,20.1,0,0.12840483028147984,0,TN
6048-QBXKL,Month-to-month,2,56.55,0,0.6878265454961553,1,FP
6338-AVWCY,Month-to-month,3,40.15,1,0.791588709665372,1,TP
0013-MHZWF,Month-to-month,9,69.4,0,0.5647425115213446,1,FP
9804-ICWBG,Month-to-month,1,69.9,1,0.8640518652169141,1,TP
2368-GAKKQ,Two year,70,113.65,0,0.1342528066824258,0,TN
4829-AUOAX,Month-to-month,46,96.05,1,0.6377354887758686,1,TP
7876-BEUTG,Month-to-month,15,48.8,0,0.6083933679691973,1,FP
6349-JDHQP,Two year,53,19.85,0,0.015265353120718786,0,TN
3063-QFSZL,Month-to-month,1,55.4,1,0.7811396646219472,1,TP
9142-XMYJH,Month-to-month,29,19.35,0,0.15573517631722333,0,TN
2609-IAICY,Month-to-month,1,77.15,1,0.8811017224287154,1,TP
8626-PTQGE,Two year,69,60.05,0,0.04597017983225302,0,TN
0230-UBYPQ,One year,63,36.1,0,0.051507777251803784,0,TN
6814-ZPWFQ,One year,51,25.0,0,0.052321769721441286,0,TN
5921-NGYRH,Month-to-month,64,73.55,0,0.3059787128110634,0,TN
7803-XOCCZ,Month-to-month,52,84.05,0,0.252723771383476,0,TN
1459-QNFQT,Two year,70,59.5,0,0.029184449813420246,0,TN
3948-FVVRP,Month-to-month,9,54.8,0,0.3475473141474662,0,TN
0923-PNFUB,Month-to-month,3,83.75,1,0.8182110202997804,1,TP
4654-ULTTN,Two year,70,74.8,0,0.038714091239991755,0,TN
5628-FCGYG,Month-to-month,21,84.1,0,0.8539345273160783,1,FP
0506-LVNGN,Month-to-month,5,75.55,1,0.7985396635000849,1,TP
4329-YPDDQ,Month-to-month,20,108.2,0,0.6263092304796579,1,FP
9866-OCCKE,Two year,72,109.75,0,0.17279975203539083,0,TN
0794-YVSGE,Two year,72,20.3,0,0.005703054304686365,0,TN
4342-HENTK,Month-to-month,2,70.65,1,0.8722848476882656,1,TP
5934-TSSAU,Month-to-month,23,75.3,0,0.6145612624889711,1,FP
9986-BONCE,Month-to-month,4,20.95,1,0.3375824221440771,0,FN
5301-GAUUY,Month-to-month,32,80.35,1,0.645213337958858,1,TP
0725-CXOTM,One year,36,89.65,0,0.21889312808667827,0,TN
2843-CQMEG,Month-to-month,24,49.7,0,0.43536724359749246,0,TN
5600-PDUJF,Month-to-month,6,49.5,0,0.536022419281349,1,FP
4500-HKANN,Two year,23,59.7,0,0.09206251291226057,0,TN
1862-QRWPE,Two year,48,20.65,0,0.015348554209074003,0,TN
2155-AMQRX,Month-to-month,28,54.9,0,0.39332638883789217,0,TN
0823-HSCDJ,Month-to-month,52,49.15,1,0.554472102666899,1,TP
4090-KPJIP,Month-to-month,3,74.95,0,0.879509053368325,1,FP
2737-YNGYW,Month-to-month,2,80.55,1,0.8439910852640071,1,TP
5619-XZZKR,One year,4,19.95,0,0.21387201564162361,0,TN
6047-YHPVI,Month-to-month,5,69.7,1,0.8481127489950331,1,TP
8375-DKEBR,Month-to-month,1,69.6,1,0.8782672861327568,1,TP
7729-XBTWX,Two year,66,19.75,0,0.011042155393212244,0,TN
4983-CLMLV,Month-to-month,52,102.7,0,0.5861297599962647,1,FP
9227-LUNBG,Month-to-month,1,24.6,1,0.7736858684248221,1,TP
2758-RNWXS,One year,35,89.2,0,0.4211548214536787,0,TN
7055-HNEOJ,Month-to-month,3,55.8,0,0.5609325179960254,1,FP
7134-MJPDY,One year,66,102.85,0,0.4004579444389399,0,TN
4560-WQAQW,One year,59,68.7,0,0.07203406769186353,0,TN
8532-UEFWH,Two year,52,25.75,0,0.0185242450235832,0,TN
8541-QVFKM,Month-to-month,8,73.5,0,0.8671420002684384,1,FP
7129-ACFOG,Month-to-month,5,53.8,0,0.6760538967071831,1,FP
2495-INZWQ,Month-to-month,4,44.55,1,0.8755994120242203,1,TP
0263-FJTQO,Two year,50,70.5,0,0.05268980403378441,0,TN
0181-RITDD,Two year,62,108.15,0,0.0823557437585042,0,TN
8241-JUIQO,One year,61,19.45,0,0.022964144845174197,0,TN
0913-XWSCN,Month-to-month,55,85.5,0,0.45762144252904446,0,TN
2159-TURXX,Month-to-month,5,20.05,0,0.3390082877552699,0,TN
6461-PPAXN,One year,35,54.95,0,0.09331415588440563,0,TN
1452-KIOVK,Month-to-month,22,89.1,0,0.7192073450446256,1,FP
1139-WUOAH,Two year,57,53.35,0,0.07868138830477088,0,TN
3207-OYBWH,Month-to-month,57,95.25,1,0.5977062922000063,1,TP
8347-GDTMP,Two year,64,19.45,0,0.009833992130700558,0,TN
9909-DFRJA,One year,26,95.85,0,0.3589039560164107,0,TN
6383-ZTSIW,One year,39,99.1,0,0.375845442173998,0,TN
5438-QMDDL,Month-to-month,19,59.8,0,0.5452470187487994,1,FP
8914-RBTSB,Month-to-month,31,93.8,1,0.7346611747652368,1,TP
6164-HXUGH,Month-to-month,6,19.85,0,0.2902321955039556,0,TN
6900-RBKER,Two year,52,89.45,0,0.2717252554976875,0,TN
1492-QGCLU,Month-to-month,53,85.7,0,0.2516421741317987,0,TN
6664-FPDAC,One year,56,111.95,1,0.5222819876395433,1,TP
1088-AUUZZ,Two year,56,75.85,0,0.04102315569827396,0,TN
6651-AZVTJ,Month-to-month,49,99.8,1,0.7428684060236925,1,TP
8219-VYBVI,Two year,39,25.0,0,0.03105041078797135,0,TN
0310-MVLET,Month-to-month,61,99.15,1,0.6474679988469744,1,TP
7233-IOQNP,Month-to-month,43,34.0,0,0.17390096191416224,0,TN
7311-MQJCH,One year,5,19.55,0,0.26570517890536455,0,TN
9256-JTBNZ,Month-to-month,11,20.3,0,0.27884124532238047,0,TN
8713-IGZSO,Month-to-month,2,24.85,0,0.4395945237995341,0,TN
6821-BUXUX,Month-to-month,13,96.65,1,0.7904750604945161,1,TP
9114-DPSIA,Two year,72,81.0,0,0.01849684358852335,0,TN
4501-UYKBC,One year,46,69.1,0,0.21944301347992282,0,TN
2798-NYLMZ,Two year,71,108.55,0,0.14657571449497925,0,TN
6711-VTNRE,Month-to-month,36,87.55,1,0.6709215465281779,1,TP
5966-EMAZU,One year,64,108.5,0,0.3060162743392414,0,TN
3627-FHKBK,Month-to-month,1,75.3,1,0.6681739680314608,1,TP
7861-UVUFT,Month-to-month,15,84.3,1,0.8356722880341084,1,TP
9824-QCJPK,One year,36,20.0,0,0.06650093978342063,0,TN
7816-VGHTO,Two year,6,40.55,0,0.17375119172686454,0,TN
3794-NFNCH,Month-to-month,30,50.0,0,0.411685669384772,0,TN
3877-JRJIP,Month-to-month,1,59.85,1,0.8213598465165562,1,TP
5228-EXCET,Month-to-month,13,80.85,1,0.8469704052247087,1,TP
6248-BSHKG,One year,61,20.4,0,0.019418907577275473,0,TN
8915-NNTRC,Two year,72,107.7,0,0.11189679661908772,0,TN
3470-OBUET,Two year,67,74.0,0,0.020069846133644622,0,TN
3229-USWAR,One year,34,79.95,0,0.1922309361118122,0,TN
1927-QEWMY,Two year,72,20.5,0,0.007043026083103516,0,TN
6374-AFWOX,Two year,46,65.65,0,0.028878112696439223,0,TN
7912-SYRQT,Month-to-month,7,75.1,1,0.8130131019657872,1,TP
2070-FNEXE,Month-to-month,7,76.45,1,0.6422950331300065,1,TP
5803-NQJZO,Two year,72,67.8,0,0.022484334638290568,0,TN
5651-YLPRD,Month-to-month,32,86.1,0,0.6784649506849677,1,FP
1271-UODNO,Two year,39,53.85,0,0.10067907021281014,0,TN
5014-WUQMG,One year,47,96.1,0,0.3213118954117273,0,TN
5889-JTMUL,Month-to-month,50,95.05,1,0.7219198760685794,1,TP
0788-DXBFY,One year,58,19.55,0,0.04292501784080204,0,TN
2669-QVCRG,Month-to-month,41,81.3,0,0.4970441281272316,0,TN
6630-UJZMY,Month-to-month,4,83.25,0,0.9158573249129524,1,FP
5061-PBXFW,Month-to-month,32,61.4,0,0.12481822601075535,0,TN
2700-LUEVA,Month-to-month,1,20.75,0,0.3743102672408037,0,TN
3865-ZFZIB,Two year,19,19.65,0,0.06625495741325628,0,TN
0471-ARVMX,One year,62,104.85,0,0.4875715729627813,0,TN
8985-OOPOS,One year,1,74.1,0,0.4132155789188271,0,TN
0719-SYFRB,Month-to-month,12,61.65,1,0.44917350136687206,0,FN
0447-BEMNG,Month-to-month,48,45.3,1,0.3102713958384874,0,FN
5630-AHZIL,Month-to-month,3,64.5,0,0.4534861179915542,0,TN
2190-BCXEC,Month-to-month,40,78.85,0,0.5409182462508152,1,FP
1559-DTODC,Month-to-month,19,25.15,0,0.6090398513063678,1,FP
3244-DCJWY,Month-to-month,1,70.25,1,0.859294181273101,1,TP
3967-VQOGC,Two year,67,24.9,0,0.013756525347657835,0,TN
0265-PSUAE,Month-to-month,16,100.7,0,0.6096339197601909,1,FP
1622-HSHSF,Month-to-month,1,19.55,0,0.4676206223147529,0,TN
9867-XOBQA,Two year,21,53.15,0,0.09738862940531398,0,TN
6773-LQTVT,Month-to-month,29,35.65,0,0.4581984499285986,0,TN
4332-MUOEZ,One year,20,94.3,0,0.31687378778512665,0,TN
0023-XUOPT,Month-to-month,13,94.1,1,0.8082835617002171,1,TP
6543-CPZMK,Month-to-month,9,29.95,1,0.7088406620452065,1,TP
6418-HNFED,Two year,51,83.25,0,0.06100671903604665,0,TN
1036-GUDCL,Month-to-month,60,79.05,0,0.1438439709292915,0,TN
4818-QIUFN,Month-to-month,20,79.15,1,0.7714747049745858,1,TP
0778-NELLA,Month-to-month,9,34.7,1,0.7495012274579954,1,TP
7495-OOKFY,Month-to-month,8,80.65,1,0.8072678948739854,1,TP
4737-HOBAX,Two year,63,79.8,0,0.06663914724940477,0,TN
7919-ZODZZ,One year,10,65.9,0,0.3697712092148874,0,TN
2988-PLAHS,One year,3,69.95,0,0.6596931394055952,1,FP
9067-SQTNS,One year,44,20.6,0,0.0371967434359369,0,TN
6483-OATDN,Month-to-month,8,51.3,0,0.43814526675754706,0,TN
5469-CTCWN,One year,61,106.0,1,0.39025022066471043,0,FN
3524-WQDSG,Month-to-month,43,99.3,0,0.6857551620282656,1,FP
6968-URWQU,One year,43,56.35,0,0.22024397599991757,0,TN
8601-QACRS,Month-to-month,5,50.6,1,0.6825701109794248,1,TP
8690-UPCZI,One year,29,69.05,0,0.13957633847033024,0,TN
5331-RGMTT,Month-to-month,54,99.05,0,0.7138550467693257,1,FP
1357-BIJKI,One year,50,98.25,0,0.605877400504091,1,FP
2088-IEBAU,Two year,68,88.15,0,0.07545327720506136,0,TN
0679-IDSTG,Month-to-month,1,69.25,1,0.8547844008155909,1,TP
6519-ZHPXP,Two year,72,108.3,0,0.07955345794295757,0,TN
2101-RANCD,Month-to-month,55,73.1,0,0.607595149242681,1,FP
4029-HPFVY,Month-to-month,3,70.3,0,0.8070314751802022,1,FP
1015-OWJKI,Month-to-month,1,19.05,0,0.3959978469523397,0,TN
8314-HTWVE,Two year,7,19.85,0,0.08452373791509159,0,TN
5357-TZHPP,Month-to-month,9,84.4,1,0.8648991521877225,1,TP
8727-XDPUD,Two year,37,35.8,0,0.1423176581408364,0,TN
9073-ZZIAY,Two year,62,86.1,0,0.03778280423967844,0,TN
5181-OABFK,Two year,56,61.3,0,0.02780247270714569,0,TN
3812-LRZIR,Two year,27,24.5,0,0.06981608363292219,0,TN
5204-HMGYF,One year,49,87.2,0,0.10258309202273483,0,TN
9950-MTGYX,Two year,28,20.3,0,0.04836691863312748,0,TN
3675-EQOZA,Month-to-month,5,20.65,0,0.336295819711563,0,TN
3646-ITDGM,Two year,56,19.7,0,0.013386152284565769,0,TN
3913-FCUUW,Two year,72,70.45,0,0.01765646954843736,0,TN
